XAJ,tcn-gru,runoff
60.08447926,49.665516,45.921875
69.61825836,47.32928,44.375
73.65220211,46.754505,43.8125
83.97322333,47.302464,43.648438
85.33618473,46.998486,43.351562
77.21074164,46.616253,42.773438
50.05282056,44.7487,41.820312
126.9757202,41.51226,40.828125
99.2124322,39.28093,40.007812
76.64210046,38.717854,39.34375
84.7536921,38.649784,38.757812
65.78035153,38.597095,38.234375
94.16419598,37.59823,37.796875
62.16189891,36.8187,37.429688
56.34256304,37.328648,37.054688
68.57963164,38.02951,36.640625
61.10384137,38.71752,36.304688
83.71797973,39.04358,35.953125
67.5078944,37.55041,35.523438
53.56599932,38.098186,35.078125
47.81066828,39.057014,34.703125
41.83658669,38.33399,34.320312
97.61657792,36.277863,34.023438
75.7560171,32.92931,33.820312
120.008115,31.713036,33.65625
150.8967022,33.023838,33.507812
73.43323825,33.966793,33.328125
46.87671981,34.01803,33.3125
58.44771885,34.644592,33.757812
58.41994945,35.326447,34.882812
59.20706137,35.45679,36.578125
58.9004898,35.525417,38.109375
113.8596851,36.649357,38.671875
54.63129287,38.583317,38.140625
66.16862454,38.152615,36.96875
13.736711,37.328526,35.59375
47.56176865,37.330303,34.21875
27.22976064,37.200535,33.046875
43.77454154,36.405308,32.109375
45.00265344,35.01457,31.328125
55.28141386,32.517338,30.765625
33.60929936,31.134224,30.328125
63.25071777,31.026371,29.96875
83.5874325,31.28645,29.578125
53.86751234,31.942175,29.109375
101.7140278,33.11191,28.859375
141.9954666,33.667397,29.609375
85.83821701,33.82159,31.6875
107.1047719,34.807774,35.59375
95.91601769,38.70363,42.53125
104.8857127,46.40241,50.34375
89.20149528,53.558422,55.6875
57.85612304,57.884197,57.703125
84.18486255,58.780796,56.734375
48.60501898,58.75526,53.53125
67.07424401,56.306583,49.1875
61.39792446,52.252636,44.921875
59.1800621,47.0787,41.09375
81.32245302,42.32191,37.9375
72.90097655,38.95349,35.390625
38.96019551,37.332825,33.65625
60.29403521,37.574192,32.34375
56.49871885,34.531334,31.109375
79.44566899,31.811352,30.140625
101.3097204,30.623484,29.375
60.09311149,31.502666,28.78125
108.7782165,32.22026,28.46875
69.95723126,32.47132,28.25
51.50316804,32.359287,27.984375
58.22735876,32.30202,27.84375
8.843824429,31.712898,27.75
54.74332901,30.285498,27.625
53.70955584,28.824932,27.46875
71.27443851,28.017662,27.28125
63.03889018,28.937054,26.78125
16.55136208,29.88638,26.03125
82.69681694,29.51376,25.21875
24.07847894,28.217367,24.46875
58.14644408,26.708733,23.875
65.9840123,27.29732,23.40625
133.6531761,28.010136,23.78125
109.9042514,28.210419,25.59375
70.9795465,29.254765,29.5
106.0125899,33.499317,36.71875
71.70648214,40.50593,46.9375
144.6881902,48.33118,56.96875
88.48586243,57.87117,65.09375
93.28195778,68.81859,69.96875
76.02388215,73.8223,70.53125
101.7806035,74.32825,67.6875
72.41502305,70.6437,63.1875
84.75686131,66.37018,58.90625
93.22488977,62.009956,55.53125
89.38082181,57.569626,53.40625
95.51974407,55.575138,53.8125
98.2418771,57.310703,56.03125
93.65264498,58.524353,58.90625
77.25914417,62.62338,60.5
97.32296024,64.98364,59.96875
57.95881776,65.187096,57.71875
142.5064524,61.573303,55.84375
138.3782523,60.56281,56.40625
139.1535129,61.775513,59.78125
82.47656766,65.33904,65.96875
119.7656923,68.91703,74.34375
93.96214198,75.11467,80.71875
104.2773234,83.45566,81.4375
72.14854314,85.3657,77.375
82.85327194,80.97531,70.9375
104.1383102,74.03611,63.6875
44.56370348,69.05431,57.34375
62.04603976,63.558346,52.25
37.19488802,56.590595,48.40625
24.82616268,52.72986,45.75
118.7858623,50.31164,44.90625
176.6595957,51.801075,47
167.9022823,53.45329,53.5
122.8621583,58.576794,63.25
118.849036,66.37481,70.8125
91.54668025,71.9418,73.59375
109.6878141,75.90905,72.71875
106.9465993,75.13775,70.0625
105.6682537,73.176704,66.59375
73.04622849,67.48244,63.125
79.31393608,62.830868,60.28125
123.4575383,62.023876,58.5625
92.25597468,63.785664,57.53125
119.6845228,61.562645,56.5625
103.5584881,59.292988,56.125
101.9034936,59.989666,55.53125
64.97491413,59.040936,54.46875
94.78024238,55.929432,52.90625
43.37576358,52.989296,50.9375
71.92260922,52.19997,48.71875
89.8892036,51.121944,46.84375
149.464007,51.267666,46
100.336129,51.415882,46.84375
102.859754,52.44816,49.46875
127.2612819,53.17181,53.59375
156.6228731,57.533123,57.875
124.4826017,63.026638,60.65625
102.2742473,65.482445,61.375
99.92738911,65.0442,60.5
90.96209328,63.333454,58.5625
60.49425528,61.42883,56.40625
112.7360215,59.094765,54.5625
81.91147246,55.621616,52.75
100.4936589,54.829227,52.09375
52.47376192,56.657223,53.65625
106.1097939,57.02684,57.28125
81.78501418,58.927464,63
108.1746807,67.76949,67.5
69.28094763,71.5579,68.21875
93.03430477,72.264885,66.03125
97.0501419,70.066216,62.53125
81.79229451,68.19133,59.9375
135.3350757,67.34081,60.53125
123.6411532,67.68936,64.90625
143.5900798,72.16587,82.34375
149.4957767,91.03599,224.59375
260.8550349,246.52277,465.03125
266.1731086,495.48657,544
318.4146948,575.7872,497.21875
340.4364755,529.7346,421.71875
274.4175634,452.24548,351.625
224.7648703,379.14377,304.125
234.2741961,328.55023,270.5625
238.2520248,293.21698,243.875
270.1022689,265.5948,224.1875
166.5951146,241.87138,206.71875
245.4490655,225.71355,193.03125
283.0816621,213.24467,185.84375
228.6502378,201.71355,184.625
128.8201805,199.92455,182.03125
153.3619627,197.61714,173.46875
134.9412399,187.72136,161.375
160.5261699,175.1213,148.40625
198.4203928,162.23604,136.40625
177.5731382,150.70883,126.65625
164.2421063,139.58423,118.25
120.977972,127.86226,111.34375
115.0327153,119.75309,105.46875
116.8808213,112.48563,99.65625
215.0726832,106.57851,93.84375
182.0224152,100.93176,88.0625
132.8209029,95.25817,82.90625
98.22709482,89.846,78.03125
149.3254592,82.95484,73.65625
173.2051416,79.82111,73.28125
183.3760573,81.352745,82.0625
187.5584998,91.374306,98.3125
111.2429229,108.86053,119.28125
249.8418618,132.95222,141.25
260.3379876,157.38945,159.46875
225.0169447,176.64006,168.5625
336.7317754,185.05672,168.25
221.8308876,182.95992,162.125
168.8464199,174.95894,152.59375
173.1489268,163.75992,141.28125
235.1505834,151.32713,129.6875
220.9423109,140.47885,120.125
179.7755978,133.31003,113.1875
185.7394708,126.17489,110.46875
206.3721275,122.3561,113.46875
160.3623238,124.11489,118.96875
164.6234315,130.01353,121.4375
179.1190608,133.17924,118.75
208.8273817,130.03474,118.9375
202.0146137,131.70914,146
240.326109,161.16454,236.03125
319.3335895,260.00378,402.375
410.5689385,435.50803,517.84375
506.031243,552.3209,527.875
487.0116607,562.5917,491.875
411.4161602,523.97266,459.75
381.4853294,488.37616,439.0625
446.2331873,466.46442,419.78125
391.4261779,446.2594,393.5625
425.9660872,419.9499,358.90625
429.087519,382.55505,322.90625
478.9087124,343.7038,295.125
380.2369694,315.92468,277.95312
336.9574545,301.6905,288.01562
314.713319,312.95428,339.5625
310.3682383,365.3341,391.0625
265.8111091,417.6267,399.82812
339.944516,426.79086,373.76562
310.9498444,400.4709,332.125
276.1518769,358.33057,289.9375
254.6786805,314.31348,258.03125
324.0747555,282.83188,247.65625
459.5320062,274.1861,273.23438
724.9162961,304.3084,394.8125
915.1837475,431.3733,572.09375
815.5241629,610.85046,658.03125
588.6033576,695.99634,652.90625
580.1674424,688.62256,612.7969
564.2192494,646.589,569
433.8918255,601.3996,530.875
403.7182507,563.04785,495.20312
409.1310019,526.68713,450.70312
342.3520547,481.4498,401.92188
350.2887855,432.049,356.78125
285.0412113,385.42114,321.5
299.4568568,348.39,294
324.6201706,319.26343,270.35938
337.4801088,295.07907,247.59375
260.8695734,269.31866,226.85938
288.7124685,248.81462,224
335.8051239,246.86165,265.40625
284.4879065,291.08325,329.45312
336.055248,358.42047,367.60938
352.400169,397.5503,356.71875
317.2499755,385.27588,322.5625
250.1319889,348.4698,287.10938
232.3016153,310.84796,254.625
297.025959,276.68176,229.625
279.7369448,251.33272,217.1875
284.7631405,237.08238,216.98438
247.1822487,237.06345,214.89062
180.6525946,235.50151,207.78125
268.5499746,227.26848,211.75
209.127083,228.88853,224.70312
253.5083541,243.9972,225.14062
242.78174,245.4798,213.34375
230.8492733,231.45116,197.71875
223.315365,212.17473,182.45312
221.9348732,195.31181,170.75
156.1463275,182.87386,163.85938
225.902197,178.13258,160.79688
224.2305586,176.48042,161.17188
249.7658893,175.74948,161.07812
254.2550253,176.04045,155.90625
246.6792524,168.92638,146.59375
223.6974658,158.69936,135.625
210.3308966,147.49675,124.0625
184.236787,134.28586,112.578125
151.1041859,120.90817,101.59375
147.944513,108.061844,91.5625
186.4427149,97.53949,82.5625
188.5670412,88.18957,75.046875
229.3107197,80.44921,68.875
137.159889,72.26501,63.875
140.6518529,67.45438,60.046875
103.0442666,63.288456,57.03125
153.5312053,60.251343,54.46875
132.9368895,57.48911,52.25
89.29304789,56.657745,51.046875
80.05884537,55.586338,50.789062
91.7509394,53.671276,51.148438
91.58112052,52.985798,51.3125
120.1428066,52.28999,50.648438
136.8233872,52.72226,49.632812
150.8130394,53.382637,48.445312
126.3677409,52.350647,47.492188
117.3800279,52.309994,47.773438
97.30704768,53.15527,49.820312
149.5222607,54.863583,53.140625
103.8013762,56.34786,56.945312
104.4985478,59.602608,59.40625
119.4917991,61.864918,59.054688
128.0872499,61.449837,56.617188
157.6585522,58.590515,53.554688
173.4845311,55.82188,50.820312
194.4578783,54.717815,49.523438
158.8655462,54.717422,49.539062
147.3383067,54.520668,50.234375
268.4796314,53.250362,51.554688
100.6882996,52.732944,53.015625
154.7193946,54.590485,54.210938
135.5998602,56.507717,55.007812
127.5397295,59.45199,56.382812
186.7400781,60.71792,59.5
149.2031896,61.420155,64.42969
155.2143238,64.66087,72.00781
116.8889881,73.91771,81.08594
103.0318889,85.240715,86.80469
150.6786359,91.44326,87.39844
97.62899991,92.829735,84.296875
132.3052075,87.7595,80.25781
125.1653013,82.16125,76.625
114.5649571,78.81397,72.78906
98.80232929,76.014275,68.30469
81.05637204,71.6773,63.523438
109.9299597,66.47173,58.953125
101.8799794,60.71067,55.078125
84.52507654,56.79684,52.007812
79.31861233,53.719624,49.703125
75.94117232,51.055943,47.984375
109.2384174,49.348663,46.648438
111.9846962,48.71178,45.75
81.7263394,48.80763,45.085938
78.9026364,48.751278,44.828125
100.3516648,49.8578,45.335938
134.7878433,50.974506,46.671875
82.39661704,49.94634,49.8125
98.02853139,50.9049,54.09375
63.94419937,55.57497,58.773438
45.78489519,61.852222,63.390625
47.00722549,66.81014,65.8125
49.68985693,68.91114,64.96875
45.77508004,68.39489,61.757812
31.6042619,65.1661,57.648438
28.13939148,60.41226,53.632812
62.2087667,55.778294,50.289062
62.49756408,52.646305,47.828125
35.7270129,51.50729,46.054688
38.03165465,49.945457,44.773438
89.71494116,48.713062,44.296875
56.93097302,47.534748,44.78125
89.98564299,45.836567,46.140625
87.17255574,46.27416,47.9375
77.39019006,49.565533,49.015625
37.00457174,51.19102,48.78125
48.75116572,50.298054,47.554688
117.3469284,47.82848,45.914062
95.00274114,46.657425,44.359375
83.66397012,46.57751,43.0625
77.3632185,44.51512,41.953125
77.62863461,41.717484,41.125
80.75145156,41.803112,40.445312
48.84880188,41.81209,39.898438
63.22719245,40.97471,39.484375
79.90026279,40.668434,39.09375
76.08744372,40.309895,38.710938
136.457066,39.159065,38.25
122.5181878,38.599762,37.75
98.30192595,38.927807,37.367188
94.40644137,38.960632,37.03125
93.87222939,38.534344,36.78125
89.53829628,38.13608,36.71875
72.41394817,37.693573,36.828125
52.88805352,38.90093,37.046875
73.35906092,40.433834,37.3125
54.18341425,41.04555,37.546875
135.8801915,38.60761,37.59375
112.6983345,36.45648,37.421875
90.79359305,38.01183,37.09375
34.38743277,39.096386,36.59375
51.10724347,39.298454,36.078125
55.41351799,38.52715,35.59375
82.40244573,38.18787,35.125
65.35474606,37.247425,34.71875
91.48391652,34.46099,34.265625
21.56759451,32.054085,33.84375
158.8578226,31.803959,33.46875
42.56251672,33.572308,33.09375
76.67186448,34.105602,32.671875
94.04408721,32.72119,32.28125
119.6994048,32.048904,31.875
72.60761373,32.334347,31.515625
70.55383022,32.94237,31.1875
66.82305611,32.8109,30.859375
75.78404137,33.261204,31.546875
80.39882666,34.348297,34.125
63.15262727,35.892483,39.09375
66.59097215,39.774082,46.890625
73.27573054,48.62647,54.59375
79.11631454,57.803722,58.40625
88.02988348,62.22684,57.984375
84.0604432,61.066498,54.875
65.93542138,56.748814,50.65625
99.73581789,52.11585,46.296875
81.68151608,47.28436,42.390625
39.85348163,44.75806,39.125
64.54577377,40.720608,36.5
71.31412017,37.60783,34.515625
54.07696856,36.146416,33.046875
63.15375755,35.2671,31.875
53.77576582,33.470184,30.90625
82.56720053,32.607567,30.0625
96.65084313,33.602566,29.875
141.2941617,34.113,31.25
76.97654117,34.60748,35.03125
100.4320809,38.095356,42.78125
91.72129728,45.633266,54.84375
76.47049751,57.64061,67.40625
63.73904264,70.672295,78.6875
84.05175557,83.678566,88.625
54.02312517,94.71084,94.40625
58.22505942,100.38563,94.46875
54.40672747,99.89874,89.875
81.35732546,94.21641,82.96875
71.29912736,87.8459,75.5625
53.06534111,79.21433,68.5
75.77626239,70.25465,62.0625
85.55364155,62.72932,56.25
86.83374906,57.98254,51.75
97.64383759,54.589443,49.28125
76.90561062,51.79681,49.75
58.0436995,52.871742,53.21875
89.19099034,56.342026,59.59375
64.11403488,63.84035,66.90625
67.05149437,71.808754,73.78125
71.08751031,78.76345,79.03125
85.51347232,84.218895,80.65625
79.74759755,86.01034,78.28125
66.37351533,82.96014,73.25
124.3705378,77.35598,67.59375
80.53901451,70.449455,62.71875
59.79770974,63.587708,59.625
83.83100764,59.746998,57.875
92.86831997,58.1325,56.09375
74.14943624,56.037014,53.59375
80.68246021,53.386948,50.4375
103.9063703,50.85599,47.09375
71.44148711,47.816544,43.96875
58.91026893,45.04526,41.03125
67.33374278,43.23936,38.46875
42.95306415,41.36487,36.625
43.23130394,38.363537,35.4375
37.21309714,37.73611,34.625
55.94894891,37.29333,33.96875
51.18772599,35.720234,33.125
61.24247231,33.932507,32.3125
53.94493091,34.134388,31.6875
44.26738199,34.150066,31.125
49.26556735,33.582172,30.5625
54.17811745,33.584766,30.03125
22.12407687,33.76775,29.5
36.50183027,33.655087,28.9375
15.84785202,33.534588,28.4375
15.30340242,32.439556,28.3125
88.01370498,32.35823,28.21875
29.59187209,32.56939,28.59375
95.48135891,32.28052,31.9375
54.27642403,36.47543,42.4375
93.54084708,46.25805,67.375
101.8011258,71.64461,114.78125
115.0160603,124.94154,252.5625
99.97245621,273.50256,476.25
159.5680811,503.68466,575.96875
247.435808,606.58813,563.40625
312.1409147,596.8407,548.4375
343.4347069,581.09375,538.71875
169.0084709,566.481,504.75
195.3177325,531.49963,443.34375
179.9672798,469.3285,370.28125
117.9558275,395.13742,313.03125
107.957512,335.09686,284.625
193.7742146,303.20404,265.65625
150.1619211,282.36682,245.4375
140.3689064,261.28967,224.25
146.3113595,238.5342,203.5625
136.0061622,217.11823,184.59375
85.87561594,198.37209,167.5625
92.2256012,179.78056,152.375
114.3310891,163.8181,138.78125
64.50348803,149.15941,126.53125
85.70707139,136.4537,115.65625
60.98535045,125.254845,105.96875
102.1292392,113.82229,98.0625
116.1958943,106.00345,96.3125
103.5212776,104.789665,107.75
107.4783291,114.40984,134.46875
125.7053752,143.2188,156.75
132.7384369,168.04933,161.8125
118.3541954,173.62813,155.09375
97.83879965,167.0707,143.75
90.30132328,155.36424,131.46875
111.2114746,143.03731,119.5625
70.35368218,129.3923,109.03125
122.6403687,118.21982,102.46875
105.5690772,111.924774,100.59375
156.6030822,111.36463,103.0625
215.4065809,115.3315,109.3125
197.6742535,117.7874,119.40625
147.012188,127.47777,129.46875
104.1075489,139.17828,135.34375
135.4823665,145.1925,140.90625
147.3027472,152.23488,144.71875
132.6495659,154.62154,141.9375
120.3821155,150.96439,133.84375
138.15254,142.21632,123.5625
104.6855536,131.08595,113.15625
96.38982623,120.03684,103.625
123.0757921,109.1495,95.1875
128.5104619,99.81321,87.90625
141.6790992,93.317406,81.78125
140.479851,88.170654,77.4375
131.7088967,85.12875,74.34375
136.4709285,81.00744,71.625
118.6386379,76.861694,68.96875
69.10199786,72.599724,66.15625
91.88934318,69.17803,63.21875
107.6045547,66.03747,60
92.18649576,61.989582,56.8125
50.49415297,58.250137,53.875
104.3831264,55.894295,51.84375
119.2128862,56.36767,50.25
70.75934154,53.76937,48.625
73.57301609,51.75681,47.125
87.08675427,50.12139,45.78125
84.55090674,49.167652,44.71875
92.5869913,48.60574,43.6875
95.66709035,48.229053,43.25
72.92763784,49.49036,43.21875
200.2186889,49.10789,43.625
137.4910386,51.35563,44.1875
99.42939038,50.15037,44.5
67.86802125,48.594852,44.25
135.147128,48.19083,43.75
106.5861511,48.65981,43.15625
126.5907826,48.474026,42.59375
157.0555484,49.528393,44.75
196.4596024,51.962055,53.125
66.86435562,58.40045,68.3125
170.0733046,72.30492,82.28125
129.3044496,87.07896,87.1875
123.2964846,92.8653,84.9375
162.700173,90.740654,79.96875
122.6206664,85.060326,74.34375
178.8906114,80.03417,69.5
78.49184645,77.14178,65.4375
88.20331483,71.41268,62.59375
104.0459265,67.11056,60.78125
100.9890092,63.040363,60.46875
191.4800805,63.414726,61.59375
108.3607668,65.183205,62.25
120.9896959,66.33779,61.78125
181.7765241,67.46807,60.0625
134.3300692,65.68223,57.59375
130.9193968,63.400692,55.0625
140.3243822,61.37175,53.75
179.3179345,59.11677,54.65625
140.0686732,57.491055,57.46875
193.5874747,60.393787,59.59375
257.3312459,64.58006,60.25
194.5883258,66.22219,62.9375
209.4081457,68.549515,68.53125
187.0681582,72.60632,79.625
177.4669363,84.713005,93.375
197.0174284,99.04733,101.53125
174.8802927,109.20608,102.75
162.668636,112.17153,99.5625
202.916798,109.276665,97.03125
242.3751276,106.81099,102.875
164.0765537,112.60468,118.71875
235.9664897,128.05394,131.375
280.7920492,140.57687,136.89062
278.8708407,146.32054,139.29688
320.0461307,148.40343,140.29688
292.0476782,149.41713,138.84375
247.0106236,149.28749,133.76562
194.924617,144.89647,125.875
254.5261814,136.14665,116.71875
238.7280052,126.50761,107.671875
236.0330432,118.4965,100.375
293.7981923,110.871086,94.375
200.2049261,102.10995,89.453125
167.2531919,96.19153,87.140625
104.9209398,94.5293,87.0625
234.5203974,92.66437,88.46875
308.8744748,94.15926,89.75
147.5019423,96.910164,89.71875
198.382872,95.814835,90.9375
122.8938172,97.304276,105.96875
156.0009315,115.39347,139.71875
227.6965039,149.346,177.14062
243.1563277,190.14452,208.34375
212.8953447,225.64137,238.57812
251.893695,259.55316,268.51562
240.4574652,291.45374,289.01562
258.8024703,311.5424,298.25
260.2983835,320.77762,298.1875
308.7254996,320.59833,284.79688
318.298409,306.07373,263.01562
344.7329986,283.90918,239.28125
234.9875351,259.81555,216.98438
232.5629979,236.3893,196.84375
249.2190337,214.68376,178.39062
255.0224183,194.15602,161.5
202.8029722,175.29182,145.90625
211.4209732,158.09114,131.45312
204.8800927,142.8673,118.453125
211.2050899,129.03395,106.828125
237.2487581,116.26604,96.390625
297.2713625,104.01557,88.296875
173.7509445,95.995125,81.609375
144.9617288,88.12529,75.390625
149.2661084,80.72373,69.75
169.6646866,74.58739,65.078125
144.2387159,70.43459,60.71875
164.5910301,65.89545,56.46875
223.6268345,60.993412,52.890625
162.1112201,57.429317,50.078125
183.9396344,55.095066,48.21875
148.694431,53.516064,47.28125
163.9044632,52.00411,47.328125
166.4327201,52.045258,48.03125
137.5430204,52.71042,49.15625
126.77965,53.997944,50.734375
128.331224,56.259556,52
167.8121259,56.296932,52.03125
110.6438972,54.707516,50.984375
150.7819899,54.932003,49.671875
125.5084186,55.936733,48.734375
128.4431881,54.634968,47.75
74.43699253,50.88059,46.640625
97.38744155,48.65968,45.46875
127.6196025,47.34314,44.484375
171.5357859,47.21772,43.4375
97.0666196,45.913296,42.375
98.22737185,45.955288,41.546875
98.30444137,45.771175,40.640625
162.3875622,45.05861,40.015625
142.0562135,45.780926,40.25
154.4889728,47.186565,41.1875
121.4719926,48.39283,41.921875
118.5649814,47.780346,42.15625
103.7291381,47.247868,41.890625
143.5543652,45.25469,40.953125
50.82204748,42.749836,40.140625
138.1755556,43.26601,39.359375
111.1955731,42.966488,38.546875
51.23687097,41.7299,37.8125
84.62318919,39.653683,37.148438
192.7683549,40.495075,36.59375
106.8842899,40.783783,36.070312
80.6734069,40.62416,35.65625
120.7907003,40.8996,35.578125
41.69226834,40.759224,35.375
102.1772317,40.180553,34.960938
82.26824172,39.7077,34.289062
63.14497019,38.91869,33.289062
96.90060155,37.296688,32.328125
143.9967918,35.10999,31.882812
180.9615043,33.782158,33.234375
168.8241025,35.34596,38.359375
150.4696118,40.707314,46.890625
137.7834374,48.650463,58.8125
124.5515154,60.511448,71.46875
109.278232,72.58606,79.39844
83.96050215,81.01782,81.24219
107.0301734,83.55246,78.30469
131.4982991,80.97692,72.65625
136.6773042,75.723465,66.02344
132.2053551,69.021805,59.53125
81.84449789,61.659622,53.648438
106.1048738,54.56683,48.5625
78.99392305,47.894753,44.539062
116.9999438,44.116993,41.398438
138.878157,41.140255,38.84375
87.44713598,40.08005,37.1875
49.9896579,39.901485,36.023438
65.54067697,37.70919,35.039062
58.69023019,36.35007,34.234375
96.64611147,35.57566,33.382812
146.1327311,35.61237,33.304688
138.6991739,36.821922,33.875
120.2164299,36.542,34.34375
114.1093771,36.318596,34.828125
107.7186574,37.48273,34.984375
92.55630755,38.14492,34.757812
103.6934124,37.24052,34.226562
147.3603028,35.713665,33.570312
77.67375712,35.439476,32.867188
83.96251893,34.727406,32.203125
86.50611219,33.45892,31.640625
60.42027187,33.67771,31.078125
60.83012546,34.06721,30.59375
73.20288295,33.821774,30.15625
98.74755508,34.121254,29.789062
57.89419239,34.55901,29.429688
98.01284046,34.64358,29.1875
146.076738,34.421925,29.125
91.87587956,32.488285,29.164062
76.22806374,32.060265,29.429688
75.44490225,32.53751,29.71875
84.08779152,32.549797,29.789062
110.3887866,33.715786,29.992188
138.8876978,34.798943,30.359375
121.9809949,35.409714,30.710938
42.94226555,35.647247,30.992188
113.8721847,35.57517,32.039062
105.1961516,37.002193,34.09375
62.08731157,38.56931,37.109375
83.21571475,40.796036,41.125
48.11026426,44.863987,44.546875
40.59952398,48.780872,45.804688
99.86148941,50.78081,44.640625
133.9741754,50.32232,42.84375
57.44011386,45.598774,41.53125
98.95633535,40.38947,41.851562
69.5635728,40.39803,44.765625
97.47135923,44.710796,48.5
88.33965751,50.35416,50.53125
86.41239876,52.020714,50.101562
59.63959256,50.71207,48.101562
64.9377756,49.351513,45.757812
59.39262105,47.61997,43.609375
87.56905099,46.77777,41.859375
111.8879466,46.00373,40.25
138.6695429,43.611435,38.578125
83.05426215,39.86384,36.929688
87.22663184,37.52726,35.429688
53.83746576,35.88403,34.09375
67.4768893,34.1338,32.945312
64.91740287,34.039192,31.945312
60.13630034,33.170155,31.234375
29.05734429,31.00198,30.648438
65.07386064,29.989162,30.109375
45.03625985,31.049423,29.695312
48.03318089,31.780954,29.359375
34.02261305,32.716328,28.984375
85.58807074,31.524837,28.601562
20.78986834,29.786472,28.3125
51.35587716,29.277681,28.046875
52.38018147,28.707466,27.757812
49.57226358,28.923912,27.53125
60.6822639,28.884731,27.28125
73.41749191,28.12192,27.03125
46.85266814,27.278301,26.804688
48.41210694,27.088966,26.554688
66.95608552,27.20509,26.25
56.33600299,27.671097,25.96875
63.9319713,27.549376,25.710938
62.97265804,26.742662,25.4375
79.04166072,26.548466,25.132812
53.82288294,26.88399,24.851562
57.04273213,27.213413,24.523438
54.69922596,27.049122,24.164062
29.09453823,27.096392,23.78125
49.37504374,26.420837,23.40625
77.7840369,25.873257,23.09375
60.74015746,26.626896,22.78125
91.80952553,28.380108,22.734375
50.03014849,29.558306,23.40625
110.7398158,28.061367,25.078125
114.2620312,26.450527,28.328125
27.31206601,28.36137,33.53125
72.66061495,33.289665,38.875
64.74177745,39.182323,41.890625
67.69127664,42.436413,42.015625
81.4164324,42.569355,40.1875
74.66403456,41.209213,37.640625
53.09833529,40.305374,35.453125
74.15371357,37.30538,33.9375
98.77380637,33.16904,33.046875
203.6151331,31.780712,32.421875
50.12480105,33.113953,31.734375
60.08700577,31.976912,30.8125
59.31955184,30.486286,29.65625
45.45948009,30.280502,28.40625
53.0033309,30.065619,27.203125
22.75402322,29.95624,26.140625
34.13689035,28.640314,25.125
80.57095043,26.610968,24.28125
53.75559809,26.196262,23.6875
53.00433929,26.062263,23.171875
45.73886125,26.56406,22.703125
97.44524092,27.73965,22.5
71.73927131,27.36039,22.515625
104.1870784,26.040276,22.390625
61.62565353,25.897549,22.796875
90.74491348,26.981148,24
101.5530628,28.275707,27.046875
125.4808818,31.883446,34.25
77.88971799,37.720486,47.6875
66.99816072,48.754898,67.53125
80.69930359,68.85555,86.234375
95.74274148,89.510864,95.015625
53.27017649,101.36885,94.546875
81.50430606,102.69569,90.15625
130.9349769,96.78191,84.15625
98.90887471,86.512344,77.078125
139.0327392,77.79693,69.609375
79.06178412,71.244514,62.40625
88.09387722,65.61499,55.703125
77.83313755,57.759655,49.671875
145.7102505,48.656967,44.71875
166.2614939,41.771282,40.84375
168.9573092,38.972515,37.59375
69.08936533,37.775196,34.71875
65.52517441,35.851566,32.15625
77.92916694,32.01868,29.96875
75.87941697,30.076035,28.21875
49.51394063,29.69437,26.75
54.77926523,28.846748,25.59375
51.07569539,27.982548,24.53125
66.96860724,27.272621,23.53125
14.75619084,27.102573,22.78125
43.13271757,26.587303,22.15625
58.0537612,25.581814,21.5
88.90015402,25.030954,21.125
78.3763142,23.855972,20.875
149.267549,22.1386,20.53125
75.04872836,23.623575,20.125
102.6848932,23.602383,19.625
64.58294,21.892082,19.46875
64.44023673,21.962893,20.25
85.14663028,23.726223,21.875
74.35672056,25.12328,24.3125
97.54493818,29.09824,27.53125
122.7398444,34.31657,30.96875
154.6920352,38.478848,34.5
118.1867812,40.67828,38.03125
72.2157615,41.210262,41.78125
43.39027436,44.137623,45.03125
68.21588125,47.56532,46.09375
64.27676735,47.275932,44.65625
68.73435798,45.339207,41.46875
83.71844514,42.06854,37.53125
61.75433912,39.932228,33.8125
51.41024691,37.160885,30.6875
51.51991722,34.330555,28.3125
68.8785018,31.750265,26.40625
167.6720378,29.575703,27.46875
88.97178269,33.142776,33.28125
58.90189157,38.77511,44.28125
51.80252577,48.163746,60.9375
102.8155069,64.43259,75.4375
69.03746115,77.2049,81.65625
72.50427077,84.84858,80.78125
60.22814105,85.83233,76.09375
55.54226453,81.07426,70.25
84.70755012,73.62603,64.09375
166.6277708,67.30398,58.5625
69.10567681,64.28637,54.15625
25.60166293,59.52328,50.46875
34.63275596,55.052288,47.34375
33.34862045,51.12563,44.5625
72.98171393,48.29518,42.28125
54.51747266,47.328625,40.25
116.3720627,45.082573,38.3125
61.80447032,41.00823,36.46875
48.49772835,38.028866,35.28125
125.5460724,37.4011,35.65625
105.6036726,38.104946,37.46875
74.66787973,40.730694,40.9375
82.24874994,43.860287,45.125
62.55653805,46.790897,47.875
94.39584778,50.94514,48.53125
66.00862357,51.711514,47.46875
33.87941112,49.14083,45.28125
6.458614287,46.620113,42.625
107.2985704,43.687717,39.90625
142.8358401,43.819836,39.84375
104.2029799,46.30923,53.125
136.695987,60.421764,116.9375
126.4238338,129.60982,201.875
173.0140247,219.25981,228
121.8858742,244.57094,216.375
99.90079431,231.18568,195.25
104.6452403,209.26698,173.5
152.9097513,188.05779,154.1875
117.7963916,167.04832,138.0625
98.97810984,148.86751,123.9375
75.13860771,133.25511,111.03125
107.604876,119.28981,99.53125
91.92048126,107.62612,89.8125
165.6544011,98.75525,83.28125
131.9655033,92.491585,80.125
77.63441898,86.81881,79.71875
106.9782028,85.57437,80
144.5816448,86.21864,78.59375
35.27090652,84.42238,76.25
90.83632203,81.57679,73.53125
104.0490181,77.36279,71.78125
88.25322441,78.38027,70.5625
139.3612072,76.69117,75
119.343788,82.64928,117.65625
125.3847306,127.8176,188.71875
233.5711182,205.09859,228.03125
202.5529811,249.6424,240.3125
278.3619492,263.72626,242.53125
347.5380631,264.9622,232.9375
154.4395286,253.20569,214.0625
211.895491,231.49742,193.125
239.2312454,210.08781,182.09375
178.5875526,200.27945,191.5625
182.6491549,210.73332,213.8125
154.5674053,232.08023,227.59375
186.7444551,247.0969,223.71875
134.8314477,241.57841,208.15625
201.1543605,224.47606,189.46875
214.9083052,205.50264,171.84375
158.2176636,186.97173,157.34375
154.8810355,171.74028,145.125
115.3389877,157.9876,133.8125
107.3074021,144.90929,123.03125
162.9855131,133.22302,113.34375
222.469606,123.71073,107.0625
238.1755647,119.61196,169.5625
339.524429,190.07297,591.0625
750.8393125,629.4508,871.53125
826.133095,914.4689,781.84375
601.6378686,820.7599,621.15625
431.106419,655.24347,486.4375
456.5091525,519.0439,390.90625
466.553078,424.21622,331.96875
353.749434,361.3719,301.9375
236.9185615,326.05338,282.875
236.8904596,304.58752,262.9375
279.9952911,284.97955,243.9375
281.2620236,267.5529,229.3125
331.4928655,251.32219,221.23438
294.1478253,240.90263,218.54688
262.929917,238.57549,224.29688
343.5237773,244.5765,241.25
322.0276872,262.78036,247.21875
347.2197455,267.6941,250.84375
254.0762196,274.80264,318.4375
386.8374445,346.68713,467.03125
408.9588892,495.8177,541.125
455.410211,571.5243,508.46875
453.9927524,538.2545,445.57812
419.7700305,473.16534,387.15625
361.0365204,415.12158,339.01562
327.4400616,368.47238,311.4375
336.8006338,340.2554,297.34375
360.8228755,325.18378,286.17188
317.7290365,313.21912,275.9375
296.4365517,300.8966,269.10938
272.5843173,292.49445,270.54688
261.4762894,296.0433,282.8125
262.661243,308.9364,309.35938
273.7680076,336.83408,358.375
345.7479449,387.34503,406.95312
319.7836622,433.747,412.92188
394.2657935,438.6889,397.21875
416.558265,423.3014,391.54688
354.3434511,418.378,402.6875
361.7404183,431.65747,414.375
404.6028381,446.26672,427.5
407.0573166,460.0711,448.1875
390.7323639,479.57343,472.59375
356.5049657,503.6156,490.76562
395.3474041,523.09314,500.8125
404.3930051,532.8983,490.10938
384.9094987,521.30884,454.5625
371.2799734,484.81448,408.51562
403.1905655,437.56744,366.45312
355.0363121,395.735,332.40625
332.6424701,360.41772,315.625
292.9988191,341.68616,300.54688
246.8552656,325.0747,279.57812
205.0094542,302.13614,255.46875
210.5606757,276.60306,231.23438
244.7415552,250.12077,208.71875
233.6156866,226.42174,189.75
191.0657557,206.43721,178.54688
210.5081953,193.47957,178.8125
237.0021135,193.52571,185.46875
202.7807877,201.08287,188.70312
174.8384059,203.91624,183.125
169.3105657,197.70738,171.125
204.0115287,185.2801,158.9375
151.8814855,173.86131,158.23438
359.741553,174.04129,174.64062
171.4459509,188.82008,190.54688
205.1389266,206.42424,190.375
235.5838349,206.88274,177.60938
236.7132718,194.83124,168.79688
258.0032522,187.79364,179.64062
223.1899705,198.40486,209.5625
226.3951981,228.83363,229.65625
306.6945654,249.20927,226.39062
