xaj,tcn-gru,runoff
491.9537949,265.14987,253.03906
466.2759432,256.4438,246.82031
433.8605387,250.45647,239.20312
444.2473349,243.11223,230.72656
444.9792841,234.8285,224.83594
444.4039799,229.14592,219.39062
436.9863704,223.61055,215.20312
459.0389633,218.87743,221.42188
459.1192737,224.58083,231.64844
458.8812037,234.64595,231.91406
454.6603414,234.95108,225.77344
478.6774566,228.71623,219.41406
497.6260925,222.07552,211.84375
463.0476755,214.54616,201.00781
447.1471314,204.12454,188.90625
427.1004975,192.68294,178.02344
433.8767081,182.19278,170.125
421.859811,174.41656,165.41406
433.4575234,169.99702,163.63281
462.894592,168.24438,165.83594
444.0001784,170.31819,166.63281
428.5316835,171.20526,163.40625
417.5793244,167.41472,162.59375
430.3666784,165.62999,164.60156
435.3057463,167.51682,165.3125
437.3825204,168.58006,162.58594
425.2526725,166.22295,156.74219
422.0879259,160.4702,152.14844
414.819566,155.87852,147.77344
398.5268991,151.67809,143.27344
426.3038507,147.1823,140.28125
439.8519548,143.83427,141.0625
407.9859308,144.06306,142.92188
415.1437412,146.01329,140.64062
419.0616719,143.74138,136.57812
405.887413,139.26227,131.95312
430.9214492,134.69792,126.5
416.8246601,130.06639,121.515625
415.8243878,125.491066,119.046875
367.1914811,123.27994,120.28125
376.5555373,124.54394,126.046875
447.0729356,129.50914,136.92188
434.89497,140.2253,148.53125
441.7406027,152.63431,152.26562
422.2259128,156.93565,148.92188
422.5033383,153.73283,142.5
430.3505311,147.25307,136
412.8191266,141.06618,131.45312
393.0240896,136.88551,131.70312
417.0294419,136.62814,140.9375
396.1968462,145.39934,154.53125
430.0792039,159.12053,165.25
447.9802211,169.55742,170.59375
448.5809886,174.98506,170.9375
479.1730334,175.59532,175.9375
506.7985295,180.41075,184.32812
436.6361382,188.77892,187.25
437.3115295,191.79861,182.96875
413.720063,187.70918,177.15625
396.7568453,181.98262,174.9375
440.5944928,179.7068,180.98438
428.6772056,185.66043,188.82812
389.9898273,193.52571,191.90625
433.5297528,196.23032,193.5625
445.2072792,197.95082,193.6875
387.3237139,198.58398,193.78125
423.0439633,199.11008,198.10938
400.7150438,203.56049,207.98438
490.7008378,213.15569,223.23438
421.2773211,228.3892,247.09375
484.1748745,252.01675,278.03125
481.970724,282.14975,322
506.7828784,325.49612,349.34375
575.8974847,352.85,352.5
586.0307655,356.0623,345.53125
521.9231539,349.3696,333.59375
470.1501466,337.81003,320.21875
389.5511748,324.89468,308.84375
446.0121567,314.24503,304.5625
476.7043049,310.2872,309.15625
596.5699117,314.86063,335.9375
504.0750122,340.5405,395.59375
578.3643045,399.11557,432.28125
502.6645588,435.39453,434.46875
489.4662972,436.79242,422.0625
563.5854277,424.09424,405.1875
534.7256734,408.03934,382.03125
545.8104392,385.65164,359.375
496.7758119,363.46454,339.1875
539.5761281,343.31406,333.40625
609.8164808,337.5577,352.53125
558.4589031,356.7285,373.28125
581.1263692,377.48453,374.8125
578.2621099,379.16684,367.84375
516.8315101,372.19403,365
540.0317819,369.2165,362.53125
494.3017675,366.91953,361.3125
523.2866271,366.26163,363.1875
529.2680339,368.36905,376.21875
400.5176496,381.28726,404.65625
559.4733774,410.24442,430.6875
720.4669273,436.2559,465.34375
641.5872147,470.09146,526.65625
615.0707699,529.5263,579.25
592.1927018,580.4285,609.9375
623.4515907,610.4942,602.90625
645.0052222,603.9962,564.6875
587.3829956,566.7824,518.78125
599.5444987,522.0362,483.75
610.3314358,487.46213,460.78125
539.7882048,464.39304,443.6875
497.9016432,447.28397,424.25
473.0219273,428.75797,399.71875
471.193733,405.0894,380.96875
739.4935298,386.9069,400.03125
719.2310802,405.42438,491.4375
619.1144133,495.33072,578.9375
560.3838815,581.82855,596.40625
610.2521196,598.90106,577.28125
618.8909848,579.99664,546.125
636.4760477,549.15955,514.71875
642.7453653,518.1077,490.25
618.7055204,493.81454,489.59375
726.0115652,493.4684,493.59375
666.9231855,497.50323,506.03125
647.1242236,509.6251,525.90625
609.4023818,529.2702,531.03125
635.511992,534.392,526.09375
764.6627454,529.6137,547.8125
668.0457441,551.20935,595.125
648.9252625,597.89056,604.46875
745.7281165,607.1192,598.9375
719.9690552,602.22217,588.375
804.0203687,591.79816,578.46875
656.2190625,582.2176,565.9375
639.2407867,569.5943,546.78125
653.1966543,550.79376,517.5625
555.5125006,522.25287,491.25
607.5821732,496.1816,483.625
611.8655502,488.0195,512.09375
564.6262785,515.6238,585
652.9049359,587.53217,652.0625
857.2256355,653.9364,714.15625
676.9453707,715.429,750.5625
542.7378176,751.7216,717.625
484.4039545,719.7106,665.0625
648.1915275,668.38446,639.875
707.6357687,643.8376,705.15625
832.0045239,707.8627,959.625
1001.577931,960.0476,1207.8125
1120.392487,1206.6617,1207.9375
1150.389462,1206.7677,1143.5938
964.7670592,1142.5989,1057.125
895.4422583,1057.287,965.375
974.5674603,966.8107,910.25
1009.19744,911.9827,898.09375
947.1573584,899.9063,882.28125
1101.166303,884.89166,863.59375
1104.403746,866.6165,853.1875
1064.438016,856.01434,868.96875
844.2830201,870.52606,896.53125
867.0751883,897.2197,869.875
910.5715828,871.4665,825.875
869.7737532,828.2669,798.96875
876.6467603,801.7238,783.53125
783.1197221,786.5363,755.1875
850.7824018,758.2519,716.5
747.5951147,719.4884,705.71875
642.7595484,708.04193,715.3125
800.4110797,717.45575,688.6875
704.2008952,691.51764,649.09375
554.2687486,651.77856,615.375
628.9453101,618.33246,577.625
610.4486497,581.48627,543.8125
600.3845077,548.3792,525.90625
593.8261843,530.5023,523.5625
588.4282976,528.00616,525.71875
659.1343496,530.03674,524.9375
733.17967,528.5578,540.28125
602.3886503,543.34076,582.6875
567.4918666,585.07526,583.875
472.6406164,587.229,550.125
645.1863918,554.5959,519.03125
686.9834989,523.65607,505.09375
711.9305658,509.686,515.59375
635.095919,520.23126,529.34375
527.5085252,533.9384,520.0625
627.9840775,524.99677,501
651.6673953,506.32727,484.9375
695.460852,490.78455,473.09375
765.7020605,479.4768,470.5
730.1120279,476.97733,495.75
769.422806,501.5881,556.5625
687.59086,561.37714,653.71875
684.9879726,657.37994,674.21875
712.5165383,677.476,640.75
671.9884219,644.0269,595.53125
635.5774958,599.06586,550.28125
490.6803226,554.0927,511.28125
667.0321082,516.42114,480.375
815.7539098,486.2324,464.53125
584.2100221,470.44077,468.875
593.9665321,474.226,468.46875
504.6437225,473.5883,457.6875
485.1664251,462.94455,452.90625
670.927373,458.9786,456.40625
554.9986255,461.98428,460.53125
634.4491628,466.06198,453.59375
588.4181179,459.36148,446.46875
420.6523865,451.71817,452.84375
546.5780546,458.04556,448.03125
589.5194032,453.4224,426.9375
515.9585195,432.49136,409.34375
570.2995922,415.35287,414.25
680.2777913,420.70694,465.46875
798.3283258,471.71262,522.0625
582.3005438,527.6075,559.6875
514.1462477,564.51764,601.9375
533.5383518,606.3586,612.34375
769.4238656,617.1195,591.1719
856.1725174,596.59827,584.8906
811.7629861,590.2007,605.1406
664.6339266,609.5422,663.5
613.8637546,666.8189,710.2031
743.5983081,713.3074,728.59375
733.5972286,732.09467,736.875
736.371522,740.32574,727.9531
670.7266919,731.6441,717.125
585.1145097,720.90265,718.7031
897.1795109,722.809,738.5156
773.0452796,742.1837,807.875
819.274356,810.8262,911.8906
1162.66854,914.37427,962.4844
961.2735968,963.94904,1015.1406
936.4376023,1015.8292,978.8906
861.1515841,980.2049,936.03125
921.9904206,938.05096,892.5625
803.2413882,893.78064,826.0156
678.27587,827.8178,755.875
429.5370541,758.1739,685.8281
666.8512427,689.5671,626.375
756.6997115,630.96747,626.5469
833.7885235,631.53595,701.375
776.1902166,705.63556,736.4531
952.248251,740.6503,720.4531
828.8765517,724.3999,687.9219
517.105009,691.2967,662.34375
743.9019141,666.3776,645.8281
813.839205,650.03253,644.96875
807.6983234,649.49054,656.4219
676.8156474,660.9379,661.4531
672.6416786,665.55194,640.21875
859.9304127,644.446,631.15625
791.8820958,636.03265,688.34375
916.7644827,692.8485,847.7031
832.2571258,850.93085,1092.5
1129.516907,1094.0465,1221.8281
1283.373487,1221.9972,1241.0156
1722.776659,1241.6659,1217.0938
1225.339285,1217.4894,1249.75
1118.456152,1249.223,1308.3281
1384.343756,1307.6031,1278
1321.110011,1277.5302,1381.4062
1305.066891,1379.7887,1544.4688
1626.412682,1541.6284,1548.6562
1563.982577,1546.4701,1479.8594
1436.793629,1477.8435,1390.7344
1470.560957,1389.3644,1287.2969
1397.490284,1286.8268,1175.125
1299.336874,1175.2664,1103.8125
1233.84265,1104.7688,1283.8594
1592.905492,1283.9518,1725.6719
1581.882443,1721.8666,2085.9375
2003.296981,2078.724,2111.6562
1775.098554,2104.416,1984.2969
1941.020884,1977.9321,1808.6719
1698.435531,1803.943,1638.875
1498.338639,1634.8827,1495.0469
1511.103867,1492.718,1362.6875
1435.69376,1361.7303,1279.1562
1419.1358,1278.836,1225.7344
1280.340626,1226.0051,1190.1406
1396.527145,1190.5554,1240.0938
1413.580201,1239.9861,1317.4844
1361.119014,1316.7612,1289
1328.617243,1288.4259,1204.2656
1155.952475,1203.7653,1161.8594
1031.580076,1160.9755,1124.75
1063.526287,1124.7045,1040.8281
1103.699037,1042.1498,963.25
916.1921668,965.3394,899.9922
1120.586696,902.66504,897.4297
869.5732167,899.94147,944.0781
1133.286165,946.3196,944.6719
1021.06062,946.36664,969.59375
1034.928871,970.663,1005.5156
810.616587,1006.05206,975.6797
822.0017462,976.5007,908.1094
750.3782872,910.0123,839.75
782.4033092,842.5212,789.5625
810.3212879,793.29175,799.78125
1068.845246,803.331,880.8203
994.2660727,883.1596,1021.5625
1140.413749,1022.5376,1053.8203
1067.084521,1054.4318,1003.4297
938.3501634,1004.2002,938.8047
999.4926069,939.9383,875.77344
915.1392905,877.1517,847.34375
800.1148925,848.5109,838.91406
780.2619907,840.1412,798.9453
769.6346359,800.5749,745.0469
731.9656769,747.23505,691.5625
694.9337691,693.849,642.4219
610.1027105,644.3388,606.90625
670.7750711,608.8573,580.72656
625.1122594,583.2091,559.2344
594.987408,562.13055,536.7031
585.1041225,539.8553,517.85156
528.1629779,520.9156,513.3125
603.4531143,516.21027,528.3906
642.1569183,531.2958,548.28125
624.0709463,551.2646,536.5625
614.5308265,539.84265,508.35156
570.4043447,511.91132,483.1875
585.0351007,486.763,467.89062
594.365517,471.6866,455.08594
582.4550485,458.91293,444.34375
578.7275434,448.18793,431.20312
546.2053402,435.35025,432.9297
603.0405959,436.8829,460.64844
646.5509743,464.49408,470.21875
654.8579219,474.27783,459.1797
615.1641546,463.48846,444.41406
578.8156587,448.9369,424.1172
573.8065607,428.35992,405.03906
534.6751332,407.81076,424.57812
520.0880135,425.9892,491.64062
552.3687164,492.9498,502.85938
523.5318925,504.54395,470.25
543.7457185,472.642,432.0625
501.2856378,434.65237,400.07812
529.6901379,402.77094,371.23438
534.2286824,374.67035,343.4922
495.9688396,347.41263,321.1328
430.6714492,325.1505,302.67188
473.9293519,306.62216,285.3828
524.2908653,289.52023,267.75
457.9589531,272.5593,249.625
431.6038319,254.73654,234.71875
431.5806793,239.28433,227.26562
453.3781792,231.06358,234.63281
463.0679235,238.35793,252.34375
480.3456041,256.1544,256.875
448.4206758,261.07733,246.0625
465.4813463,250.67027,234.26562
540.9901734,238.91682,230.65625
510.1875059,235.47694,229.89062
486.9463406,234.32976,228.125
441.4150076,231.84923,228.74219
441.7085759,232.39409,229.53906
428.3804701,233.4915,223.75781
402.2750294,228.02011,211.99219
418.8015173,216.48268,198.76562
419.2227408,203.46938,187.39844
427.2458093,192.42249,179.85156
444.3214738,185.08015,176.55469
443.4724627,181.5251,177.94531
411.1918855,182.65773,182
427.988617,186.86256,182.6875
432.3901408,187.41261,181.96094
450.7849532,186.23845,184.26562
446.5983242,188.61058,187.04688
438.978612,191.84543,187.04688
441.8956193,192.11116,183.89062
409.4336912,188.60243,182.03125
394.8121533,185.84258,182.59375
390.7995097,186.02577,182.45312
400.2266195,186.09854,179.21875
421.8276225,183.12433,172.29688
399.4816408,176.46681,164.26562
431.0918037,169.05885,156.10938
471.8656822,161.36502,149.15625
415.2925832,154.29033,143.79688
425.5218434,148.56651,141.20312
504.9021535,145.14763,154.32812
487.8801452,157.36168,183.78125
456.3140207,186.86507,200.625
425.4194881,203.63614,197.20312
417.0476096,200.21762,186.15625
432.5314751,189.47865,176.9375
450.4035165,180.54721,169.89062
454.8342669,173.98752,162.07812
431.6606671,166.6799,156.125
436.1058418,160.83836,154.07812
396.046853,158.65863,153.9375
377.6954123,158.64226,152.03125
417.9267778,156.7986,150.26562
460.3302037,155.00044,149.92188
444.9953318,154.78574,149.48438
451.3962475,154.35016,149.65625
434.679803,154.25963,151.35938
432.9204691,156.02623,151.76562
442.63369,156.23428,152.35938
441.0755761,156.81749,152.98438
441.0730951,157.50517,150.78125
419.9089607,155.22597,147.23438
445.3630207,151.6418,143.0625
430.3794551,147.72473,137.73438
385.6327446,142.66388,132.15625
478.5088013,137.81108,127.4375
508.1300134,133.37839,124.96875
538.1139986,130.90591,127.09375
493.8104824,132.9203,135.21875
503.222669,140.67836,150.65625
515.7066237,155.89546,169.71875
524.5097692,174.74625,185.21875
511.2883839,189.80957,197.78125
521.3298743,201.67043,215.125
503.7360297,218.67772,229.625
500.3076409,233.22453,228.78125
478.3055821,232.46532,219.75
514.4038672,223.50133,214.5
554.9154616,218.13922,221.8125
503.4634058,225.35992,229.46875
471.5373147,233.0191,225.09375
510.0500982,228.71127,216.46875
514.6706515,220.38304,213.53125
508.0891939,217.30177,216.1875
490.0681594,219.49489,218.75
490.4861585,222.04955,216.25
477.566404,219.90965,206.9375
466.7986846,210.92421,197.6875
482.4613241,201.8224,189.5
465.4380625,193.83727,182.5625
431.5716309,187.1718,177.75
449.3983012,182.82358,180.03125
470.7803817,185.5345,192.15625
551.0014357,197.58614,216.375
513.6591777,220.81169,250.21875
510.122739,253.4185,282.9375
554.5044711,285.4064,302
567.5252123,304.5908,303.46875
580.6987664,305.9161,295.4375
551.2810097,297.86874,280.46875
518.3678878,283.26736,262.5
526.9157858,265.7847,247.9375
483.1090345,251.55518,237.53125
482.61472,241.44641,229.3125
433.9810572,233.75117,221.90625
448.1012436,226.24112,220.9375
462.1959587,224.99278,224.28125
425.411642,229.04472,224.6875
392.2453432,229.72108,224.78125
379.1616426,230.01698,230.375
416.1126051,235.43219,243.34375
359.7296332,248.05934,259.78125
357.1951391,264.34152,274.5
307.1680054,279.57404,293.3125
365.9499525,298.6538,324.1875
388.8936739,329.48544,365.03125
432.0509365,370.62512,412.65625
378.5243515,417.79886,464.71875
468.4170021,469.1357,511.4375
410.4011029,515.3231,548.59375
527.403709,552.8031,563.09375
490.5907601,567.0567,585.5
470.0079926,588.7987,634.875
608.8406608,638.5257,641.0625
734.4587635,644.666,645.59375
658.515737,648.3841,681.4375
624.871135,683.323,688.96875
694.6287976,690.59937,665.03125
758.9921068,667.44635,629.15625
675.9304333,632.27014,593.78125
633.8512719,596.4849,581.84375
656.5771935,583.8871,599.78125
657.7790805,601.828,596.84375
617.4715616,599.6673,559.625
640.4800553,562.69556,521.65625
548.8250528,524.29443,513.0625
711.6045316,514.7914,538.625
688.4809631,540.32587,554.28125
681.0713143,556.3065,537.9375
677.6700264,540.60675,521.15625
592.8270949,523.74384,527.0625
617.452382,529.39935,523.71875
583.7396593,526.3229,497.8125
535.9902444,500.97952,462.8125
539.3973382,466.8975,434.0625
379.0086156,438.26367,418.84375
474.5724918,423.95584,409.40625
496.1858369,414.62656,430.84375
621.8536511,435.42642,496.6875
734.1073004,501.28592,538.96875
713.8010483,542.5937,600.75
655.827483,602.8598,700.09375
688.1838043,701.3009,732
696.5875483,732.87476,700.96875
725.7948776,701.80255,661.1875
677.7315174,662.5981,615.4375
531.4552826,617.94403,568.34375
551.5380339,571.99615,528.875
542.3742857,533.1796,501.84375
673.9074752,506.4296,484.78125
575.3620788,489.2662,479.3125
576.1455721,483.3858,500.59375
510.9988711,504.60385,531.875
638.3880832,535.61383,560.03125
541.6228979,562.9504,599.375
710.2158131,601.9743,624.6875
729.506246,626.08527,675.65625
785.6404741,676.17456,696.59375
730.9649379,697.3204,659.59375
652.4529446,661.3375,606.59375
601.0546148,609.0704,555.3125
532.8403387,558.4632,510.28125
430.4287573,514.0717,473.0625
404.9129818,477.516,554.3125
723.446447,558.59503,790.625
726.2842356,792.64154,1023
997.3380876,1023.52014,1052.625
1043.329602,1053.2753,1072.4062
1205.616709,1073.1393,1070.6875
1063.996406,1070.7933,1203.4688
986.0137713,1201.6796,1348.3125
1049.575332,1345.0543,1317.1875
1147.307744,1314.6981,1217.4375
1084.48434,1216.374,1146.0312
996.6090415,1145.4967,1096.6875
966.6381041,1096.4333,1040.4688
1059.899559,1040.8214,988.75
1029.032465,989.8017,953.78125
883.0316087,954.6971,907.15625
994.750737,908.8166,847.96875
922.4068229,850.55273,797.75
1037.649409,800.73303,763.28125
954.9264495,766.89197,743.21875
803.3405277,746.4985,726.125
825.2947163,729.1579,702.25
778.0721743,705.82947,675.1875
691.1426294,678.6267,665.6875
903.174663,669.81805,658.875
791.4584079,663.1897,662.8125
727.470131,666.48456,643.4375
894.2895494,647.5179,643.40625
713.2180067,647.51447,675.0625
529.8238677,678.4735,664.375
677.3350095,667.6835,619.90625
631.6053953,623.60925,575.5
753.0009461,580.2065,564
770.9223868,569.0994,595.21875
719.1865771,600.02423,623.59375
713.2005688,627.8125,663.28125
692.8703794,666.80524,675.9375
696.1874814,678.8852,683.4375
599.6568685,686.1635,658.8125
774.2436324,662.20013,613.6875
756.447125,617.74695,580.28125
767.1099718,585.03107,562.0625
683.2159945,567.31915,555.9375
628.6703393,560.8744,544.34375
698.6040925,549.71655,541.1875
639.0192329,546.4527,566.78125
928.6482375,572.34015,707.96875
840.1499031,712.12115,955.6875
843.0962133,957.48065,1004.6875
1423.769626,1007.19885,956.71875
1101.513831,959.21436,969.46875
869.2155967,970.86456,1011.96875
921.3282138,1012.7236,982.5
905.4838274,983.91077,944.84375
909.9016138,946.8747,889.34375
957.4540607,891.4173,829.6875
947.5245776,831.98425,782.71875
725.9265485,785.4224,738.4375
696.2084236,741.1783,693
753.3398584,696.1689,653.71875
641.0127624,657.38446,615.78125
565.0252723,619.7321,575.65625
419.4820173,580.1972,538.3125
319.3643609,543.465,504.42188
337.1810393,509.80405,480.71875
409.0395269,486.60394,478.1875
475.0905314,484.01813,541.7344
488.2041047,546.99774,698.2656
658.9091193,702.02527,904.5625
1184.498335,907.8444,971.8906
1187.479735,974.3226,1013.7969
1096.773104,1015.8371,1065.8125
1291.128798,1067.3083,997.6875
965.8120211,999.28455,945.8281
894.5289754,947.0702,895.90625
1097.498295,897.77814,854.6719
847.5774197,856.6668,862.6875
777.9509665,864.29047,820.53125
788.082947,822.82074,760.0625
673.4635356,762.535,707.3594
860.7314778,711.5999,698.3906
786.0446685,701.898,767.03125
667.7928194,769.34406,844.8125
785.6285661,847.1596,805.3281
833.5435863,808.40826,751.2656
958.6483654,754.9494,738.3281
903.749664,742.23834,787.2344
716.6037922,790.21954,830.59375
923.2019855,833.5367,811.34375
853.572048,813.89764,771.53125
855.4504992,774.5965,749.8906
742.0812999,753.1608,737.1094
619.0852518,739.97565,705.7031
721.3303305,709.4119,661.71875
783.5711378,665.9567,643.875
626.1656067,647.79974,659.2344
517.0097096,663.0577,645.75
580.7646493,649.92786,606.25
403.283494,610.7308,572.2656
526.8871417,577.417,549.3906
478.2902033,554.6731,547.1094
298.893061,552.3095,536.2344
258.3682775,541.50275,521.78125
381.0047244,527.4087,537.8125
492.4691856,543.24506,589.78125
496.5462615,595.0897,614.8125
254.4307608,619.78156,603.9375
245.2103958,609.1623,576.7031
200.0620879,581.9405,576.34375
384.3583721,581.6351,602.0625
467.1434305,607.0079,652.84375
532.1784362,657.696,729.2031
890.4622271,733.5286,751.96875
822.3662953,755.47,765.7031
855.7196276,768.7109,854.65625
847.1247139,856.80054,902.5781
842.6328173,904.05304,929.375
833.3598363,930.3704,920.59375
1001.929335,921.8696,878.2031
890.507469,879.90643,860.84375
718.7233158,862.1242,832.7344
688.5865755,833.644,764.65625
569.5697504,766.30475,700.2656
754.9106237,702.8641,656.3906
805.8610031,659.6935,640.2344
707.3206903,643.4848,615.4531
666.7030174,618.7794,577.375
536.6883941,581.3802,538.9531
559.8500584,543.6026,517.5625
735.2062389,522.5465,543.5625
756.191373,548.33636,637.6094
784.9602304,641.7786,674.4219
760.5496996,678.6051,649.75
761.0797962,654.0185,622.15625
703.7497481,626.56934,595.03125
763.42617,599.4317,587.96875
618.5078764,592.03485,612.0625
788.6386424,615.55115,643.7344
733.4086743,647.16205,698.6406
766.6843673,701.39264,780.5547
829.88585,782.5182,829.9844
914.0036838,831.7669,812.9844
883.7324493,815.2979,784.35156
756.5179497,786.6082,771.6406
716.5413445,773.6622,754.21094
795.3922065,756.98315,709.5469
768.7777761,713.18414,662.10156
711.6311066,666.31793,618.40625
715.8742329,622.8075,584.3828
640.9989847,588.6265,587.0078
674.0898895,590.8384,635.875
678.843827,638.94495,653.33594
656.7518816,655.8215,656.1953
676.5184966,658.534,656.0547
686.2372803,658.00684,664.60156
677.0518642,665.95123,700.5156
704.9244054,701.8675,692.2969
696.7675805,694.18427,657.0781
639.844613,659.3735,621.28906
593.5648481,623.817,586.7422
545.7459439,589.3847,551.3672
639.6275274,553.7745,511.3828
549.3221306,513.7927,471.34375
525.645584,474.5305,433.4297
530.3960504,437.59457,400.51562
457.8917969,405.22086,373.04688
416.8589035,377.58487,351.0078
382.9173826,355.86972,332.4297
335.5074342,337.77878,315.67188
466.2232732,321.32657,305.8828
555.8552505,311.37744,314.33594
495.0361237,319.5856,336.57812
525.0293244,341.79825,351.64062
541.8466157,356.75702,362.10156
567.1737921,366.8281,382.71875
508.5328762,387.14877,402.3125
554.3021671,406.4626,403.77344
470.5599383,408.08078,388.53125
469.0014292,393.32736,367.1172
535.9827976,372.12387,362.92188
480.6091382,367.7604,390.9297
559.110985,395.29037,423.16406
526.2983581,427.3116,427.17188
583.4259708,431.69107,409.98438
591.4104951,414.94833,389.7578
515.8246397,394.75662,370.96094
566.7835975,376.29147,351.03125
495.3166582,356.48093,333.15625
479.0089153,338.03787,328.34375
428.9993639,332.46127,344.10938
452.0755598,347.98492,357.0547
505.6646291,361.054,350.4922
500.2416171,354.95078,331.28906
471.3104718,336.09085,311.89062
472.6674371,316.81693,297.08594
460.4494074,301.83295,287.64062
406.5186188,292.5335,281.46875
399.8546183,286.82376,276.5
407.8006129,281.91272,278.89062
435.3642824,284.08588,283.85156
441.3270717,289.0638,292
448.1476667,297.21655,300.4453
484.7240539,305.7886,298.71875
565.0355891,304.55478,288.4375
395.3983742,294.19467,277.14062
385.5982369,281.95126,269.79688
477.916626,273.06317,268.96094
481.6314263,271.5098,271.90625
452.7820415,274.58456,267.60938
427.8446345,270.65848,253.0625
419.5296187,256.3106,236.40625
435.2552096,239.82104,222.21875
459.2500462,225.99901,210.6875
451.8778531,214.80475,202.82812
440.5292386,207.19856,197.55469
439.0988363,202.14427,192.97656
433.2602724,197.69371,189.66406
437.8419399,194.36295,189.47656
458.5220919,193.80894,194.13281
440.5081062,198.10474,200.35938
432.6458316,204.32607,202.91406
458.8387841,207.25023,200.15625
449.6326822,204.17496,196.4375
480.4287727,199.316,199.38281
466.2504839,202.12083,203.02344
466.43227,206.59978,197.3125
449.6628151,201.06015,188.125
433.5473091,191.75804,180.5625
435.2316289,184.82098,173.375
417.7934308,178.03494,167.28125
416.5622899,172.05022,163.17969
434.8511673,167.82439,162.52344
441.3546079,166.62871,170.41406
478.6110341,174.2552,181.90625
473.4113055,185.55247,187.33594
501.7187677,190.90964,186.59375
493.4047378,190.26854,182.90625
470.9944199,186.74895,178.22656
466.5179724,182.15105,173.64844
481.9958789,177.425,169.90625
446.5556277,173.84044,165.61719
438.4415368,169.7788,160.71094
405.8559423,164.8086,158.24219
441.218953,162.19586,156.61719
409.1652286,160.94325,154.85156
383.0080258,159.66121,154.10938
336.9993782,158.89285,154.25
354.9354177,159.08603,155.67188
467.0749189,160.99542,158.29688
474.9214229,164.03154,160.51562
428.7273984,166.20549,161.40625
418.5052118,165.88177,165.1875
418.030514,168.2325,175.28125
445.0028865,178.02068,181.54688
454.9540837,184.19986,177.82812
447.6938258,180.46237,167.3125
444.4315259,170.45749,155.29688
446.7886374,158.91345,145.60938
447.0244813,149.54301,140.4375
423.1493888,144.43764,137.25
409.1544418,141.10619,133.21875
433.9978822,136.57098,129.78125
436.6528178,133.14894,127.078125
384.8093708,130.87099,124.03125
392.2886384,127.355255,121.09375
436.7073647,124.068214,118.46875
429.4410286,121.953636,115.25
390.6023774,119.25034,112.234375
364.2341813,116.93784,112.9375
332.4960678,118.07238,122.109375
354.8762541,127.18566,140.8125
366.3261522,145.7894,160.0625
395.081353,165.29933,170.04688
448.0663754,175.55983,172.70312
471.4087223,178.31255,173.15625
469.9635843,178.83388,176.20312
529.1398526,181.8082,190.17188
514.2993266,195.60382,213.39062
546.8013247,218.666,229.92188
527.5958602,235.34007,234.65625
503.6734616,239.88167,235.82812
443.1782897,240.09378,247.51562
485.1048824,250.91615,269.89062
483.4763324,273.2446,282.32812
502.7882771,285.86844,278.6875
464.7297698,282.5485,267.95312
405.6696924,271.87778,255.39062
476.5414477,258.98587,247.15625
473.3943352,250.91603,241.375
472.2659961,245.42574,233.25
499.9976305,237.23177,230.8125
469.8987692,234.85425,233.59375
440.8699643,237.59169,230.75
491.0047403,234.50838,223.09375
511.3850767,227.26204,216.09375
442.7265923,220.8556,211.0625
466.9014373,215.85962,210.1875
507.183503,214.49782,218.53125
522.6994266,222.4964,230.90625
506.8665623,235.0204,235.96875
523.2889443,240.22322,234.15625
429.1379277,239.04675,226.46875
402.8663197,231.76086,218.9375
429.6916063,224.43279,221.53125
482.3578985,226.8502,242.0625
436.9049576,247.27151,279.1875
485.9137565,284.7859,316.65625
420.1176121,321.3379,345
616.3147458,348.13495,403.28125
608.2514854,405.63174,516.59375
528.4920827,518.99634,542.1875
522.9119695,545.1707,513.3125
613.3474844,516.9343,487.96875
648.9245381,491.65344,470.09375
609.0513122,473.91873,454.875
617.1989244,459.05557,439.40625
630.7403877,443.9789,425.09375
606.1163424,430.0167,415.875
700.1955378,420.85464,416.375
658.8525652,420.95718,444.59375
559.3664542,448.43823,478.90625
634.0858286,482.07712,493.8125
644.8559955,496.85806,491.5625
569.6661295,494.59134,486.03125
642.4192361,488.98532,487.78125
654.8172445,491.02066,472.46875
609.1356115,475.90195,449.46875
563.0288475,453.40866,432.5625
618.3930753,436.9044,425.96875
580.4910704,431.1321,416.59375
724.9337069,422.1376,418.4375
536.0951244,423.24643,442.46875
603.0425317,446.16287,458.46875
579.2535717,461.67313,477.90625
595.947078,480.22357,503.03125
642.2768693,505.3325,488.40625
582.5096322,491.2101,455.9375
533.581363,459.70303,430.03125
487.2444049,434.4672,426.625
473.6933518,431.28198,447.5625
664.9546728,452.39584,472.46875
620.8348506,477.28165,496.3125
515.4261728,499.87387,532.28125
486.4618575,535.7244,533.1875
457.0051335,537.51733,513.6875
472.7592847,518.1971,517.6875
560.1950713,522.1987,564.96875
744.5086905,569.6436,634.59375
987.9304523,638.9622,814.1875
935.1987633,816.5168,1014.625
850.6076159,1014.6661,1008.25
798.3067037,1007.69635,938.5625
822.3869581,938.20355,876.375
839.600315,876.41284,832.34375
771.6583768,833.2934,780.0625
834.6819191,781.3814,731.03125
749.59766,732.2983,724.6875
746.206272,725.7407,763
734.5877022,764.6788,732.3125
739.6570914,734.8975,679.25
749.1088152,682.6429,635.3125
661.6381457,639.39825,603.6875
685.290951,608.04,605.875
682.6782519,610.02454,653.34375
734.4829797,656.7576,666.3125
847.5965161,669.4247,698.5625
792.022404,701.2976,768.9375
836.3184629,771.0815,779.34375
792.4748902,781.13226,779.15625
815.0124087,780.3631,773.40625
812.1996554,774.4297,731.65625
672.5851337,733.6759,675.3125
680.790965,678.55396,619.9375
684.7328622,624.0967,571.1875
511.5794552,575.27545,534.34375
600.9939167,538.69696,528.03125
634.1337997,532.37897,542.90625
624.6894879,547.2936,537.34375
759.888489,541.8292,525.71875
627.7232869,529.6807,535.375
613.6328103,538.60175,560.15625
587.9592876,563.13824,548.4375
664.7537483,552.4583,515.34375
641.2564273,520.1762,483.40625
558.4943267,488.45377,463.78125
520.7712748,469.07162,446.96875
400.2657142,452.38467,432.65625
361.3651875,438.4117,416.6875
394.2709777,422.92548,406
433.0167518,412.09793,437.34375
506.3906674,442.7292,499.84375
604.7139567,504.5706,514.21875
662.0705061,518.6242,501.4375
523.4713188,505.97406,481.40625
453.1443809,485.83078,459.09375
523.3667166,463.8582,433.59375
434.0881766,438.6672,411.3125
468.6123177,416.26926,392.6875
357.6900494,398.02048,369.03125
263.0909017,374.49988,341.75
225.0251619,347.65936,315.40625
196.9051727,321.44662,291.40625
319.351013,297.77332,273.1875
410.2669915,279.82217,271.21875
591.8740979,278.09967,279.21875
462.1330274,286.11032,290.65625
350.6222212,297.43747,297.03125
244.358451,303.71524,298.5625
245.1332328,305.41876,299.40625
277.7617308,305.87778,309.90625
368.5165347,315.7529,342.78125
356.0204494,348.52884,364.84375
319.3721665,370.55023,365.1875
368.6043065,371.19757,371.5625
257.3056266,377.6781,382.21875
322.7878058,388.679,387.8125
522.2269472,394.57858,401.125
467.1736862,407.5512,419.57812
433.7021568,425.4331,437.25
384.6213035,443.20486,443.10938
416.0824723,449.45178,432.875
598.9064262,438.94894,426.04688
577.5062891,431.1384,450.67188
334.8890294,455.15326,525.8906
313.5817652,530.6456,540.6094
471.8827256,545.93024,511.17188
479.5404855,516.59143,483.78125
251.2592317,489.11337,462.65625
208.917017,468.66846,438.10938
268.0043349,444.52438,419.23438
685.8236135,426.36838,667.2969
1004.905855,672.3107,1007.0469
1071.806966,1008.5728,1355.2344
1086.445957,1353.7069,1441.3281
1221.130227,1438.8204,1328.5938
1088.364874,1326.4879,1194.6562
1120.591261,1193.9072,1076.8438
1098.297351,1077.2723,995.4531
961.461278,996.74615,929.9531
845.0056742,931.7271,875.9844
865.5124306,877.89545,837.03125
699.3972206,838.8191,780.3594
858.9109488,783.9451,758.8906
907.2450386,762.9866,852.6875
1051.004025,856.002,960.7969
1167.6605,963.0694,966.4219
1123.604384,968.0522,958.4844
873.5087337,959.75195,945.375
900.0295538,946.9828,898.78125
851.3276532,900.9433,852.2969
882.8087742,855.0268,832.2344
841.6127173,834.81085,817.2656
890.6300098,820.17206,793.2031
794.3225583,796.21136,772.09375
748.8849935,774.9809,760.3281
880.5025068,763.7104,760.5
897.2403713,764.2541,763.0625
645.0657856,766.7509,763.625
641.4831807,767.0108,749.9531
720.9597304,753.6146,743.8594
792.2911761,747.5187,808.6875
1060.843998,812.3332,1056.1719
1036.8585,1057.0267,1276.7656
1150.335686,1275.827,1227.2344
1172.956531,1226.9418,1105.1719
1159.62899,1106.1564,1024.0781
1155.293748,1025.7264,980.0156
1212.194374,982.1799,1004.7344
1133.965432,1006.3908,1087.1875
1267.008944,1088.1096,1094.0312
944.2689471,1094.4376,1134.6875
1018.917898,1134.797,1099.8906
1040.004847,1100.4127,1017.0156
1233.47952,1018.5107,1039.5156
1317.624207,1041.2982,1211.8438
1480.646324,1212.3107,1316.9219
1220.984343,1316.2277,1292.5625
964.4620558,1291.527,1255.7969
1211.32424,1255.1669,1176.9531
1188.1616,1177.2186,1129.0781
1063.768811,1129.3108,1081.8594
