XAJ,TCN-GRU,runoff
67.48681351,16.0220342,19.367188
61.8241199,13.12292017,19.203125
68.91430324,15.75266341,19.03125
74.88950605,17.28949055,18.84375
70.08157874,18.05300834,18.679688
74.79795658,18.22527209,18.492188
92.53421075,18.34507538,18.546875
115.6677095,21.59331027,19.359375
106.9352698,25.75621415,20.882812
94.50404436,24.57871278,22.109375
88.45757235,23.06530734,22.640625
87.61549003,26.50525572,23.023438
79.72690846,26.82424385,23.390625
69.05669081,21.45814651,23.171875
71.44100568,16.76237682,22.125
86.61398336,15.3600818,20.898438
88.46749424,14.03452635,20.078125
91.40930498,20.13696585,19.640625
87.05165318,20.8044086,19.367188
79.05759679,15.58365835,19.101562
87.88664767,18.19513216,18.851562
97.79597074,20.00842736,18.59375
115.9990141,20.92964414,18.34375
120.6882703,26.10575279,18.171875
134.8139392,23.60435768,18.070312
130.9188386,19.76865975,17.945312
125.6231247,16.896697,17.789062
107.5674554,12.7228578,17.601562
84.71903406,7.918695745,17.414062
79.73239974,11.27870923,17.226562
82.07763455,11.73702897,17.1875
111.125665,21.20077735,17.5
124.9823418,25.13901956,17.75
137.6354878,22.23684992,17.5
129.938837,18.16561143,17.140625
111.0773702,13.14729971,16.875
125.8260053,13.42952651,16.671875
137.9305141,14.47716023,16.484375
133.2538269,11.3633786,16.296875
122.9150824,9.20796298,16.109375
109.2909285,14.19118725,15.921875
84.70410637,8.112703979,15.765625
99.89488057,8.011450678,15.625
112.7923908,9.020594407,15.46875
88.72348229,4.303608402,15.3125
76.3122787,4.545167207,15.15625
74.79750316,7.318109432,15.015625
96.02734673,19.04739917,14.921875
108.6530999,16.72792324,14.8125
91.79542786,11.61742267,14.65625
81.42866023,10.99910754,14.59375
80.37304271,16.24983061,14.609375
89.54477937,16.99087017,14.6875
94.87093298,11.10991223,14.671875
79.22163316,8.017115887,14.5625
55.91866948,1.581913688,14.390625
54.74990891,6.198235158,14.203125
55.69175552,7.192832945,14.046875
52.52984179,6.167504248,13.90625
40.72359682,4.364469282,13.78125
42.03784523,3.882743903,13.625
60.9909817,3.331707973,13.515625
66.52494498,9.556470176,13.390625
50.6946658,9.099171377,13.25
57.71335183,11.54706684,13.4375
95.91347573,27.76204567,16.125
117.2493516,37.14277534,24.359375
106.7243253,29.75888635,36.609375
110.380712,36.13513175,39.375
124.6710622,34.27729731,35.6875
135.3146742,35.46734758,31
111.1826708,30.06526581,27.21875
123.5511204,35.36876254,25.25
122.2292591,24.3517558,24.75
113.250053,16.05931457,23.1875
122.6303175,16.46528452,20.90625
118.567224,14.47994138,18.78125
97.24755366,15.574906,17.375
93.93196798,15.69858108,16.625
92.77804589,8.949489337,16.03125
95.83053141,16.31062951,15.8125
127.8761141,43.66102614,16.90625
111.9438483,35.54274056,20.71875
88.47096014,22.15375539,26.25
101.5568666,30.16023636,27.9375
97.84832684,30.3275609,27.625
81.41793842,24.59374069,27.34375
82.13159476,27.25213259,27.21875
96.53241376,30.03727067,28.8125
109.7872026,38.45283198,35.9375
101.6967738,45.10817663,51.28125
87.38573994,50.90344317,60.5
98.77794305,61.32860985,59.28125
96.6795145,61.73930708,56
106.0157663,60.48747626,53.59375
100.4199725,52.59834889,51.90625
98.31961555,51.52167806,48.5
122.4296339,48.85128287,44.96875
130.7217334,39.65133081,42.28125
124.5712386,38.1184463,38.75
124.3343308,38.18338096,35.34375
121.3209713,35.23413884,33.0625
116.3916504,30.33436712,31.75
126.0555728,39.34821833,32.84375
149.43733,49.39797832,37.5
134.6375013,44.43359731,41.78125
134.9712756,37.39570994,41.625
138.9607362,39.33146065,38.21875
147.7721699,40.65544845,34.4375
136.7915614,25.89349836,31.15625
118.9658991,21.40726808,28.5625
128.0360799,25.26109103,26.9375
129.1316767,26.70157918,26.21875
133.7639496,34.95122589,27.8125
147.4367416,55.19590758,33.5
146.8184873,52.79997234,40.1875
143.1856016,47.30207229,43.1875
134.1149988,48.24747938,42.25
116.8922755,45.30439717,40.5625
97.75850162,40.77270577,39.28125
95.87114329,38.74265518,36.96875
103.9900948,36.13457176,34.28125
124.9354172,43.34519986,34.03125
109.1742895,40.59650106,36.5625
105.8964795,37.06549875,36.53125
97.01089799,27.87480757,34.5
98.54689737,31.18743317,33.21875
108.2890222,31.86809272,33.34375
129.6166645,39.83406728,35.34375
125.5483772,50.30679339,41.65625
122.9322225,51.7302339,49.84375
136.8087667,53.21451204,52.25
134.721112,41.54344425,51.34375
138.9700735,51.54727387,47.3125
136.3129493,49.81374866,42.40625
122.3355391,34.4026402,38.09375
127.3665732,30.29235227,34.5625
149.5057941,34.33247749,31.9375
132.6761784,34.14068376,31.5625
126.7602274,37.33232467,38.375
112.4773321,43.63872609,49.6875
132.0485224,56.58021066,51.84375
126.1733372,62.33944518,52.5625
167.7635903,56.86920162,56.625
162.5463777,50.75461827,59.15625
155.1707112,48.0053639,55.4375
142.1844221,45.30030458,49.84375
133.3682944,34.94240105,44.6875
135.0593527,46.7875177,42.34375
142.4369964,58.40082891,48.6875
119.5032751,48.23554248,60.34375
142.8773948,60.11825381,64.34375
169.0674141,84.29466586,77.28125
172.2540821,96.59255877,110.0625
190.752385,116.6203113,128.0625
208.5750677,132.550078,126.625
229.5324227,141.5249468,125.15625
218.9361553,139.8652297,127.625
203.3120783,122.8539493,127.78125
181.3812736,112.847572,118.15625
179.7958404,103.1571007,106.9375
200.486342,106.6491626,109.0625
199.1244383,118.4469456,168
251.0800709,179.9673757,298.0625
390.4745376,333.8235381,429.125
502.4138115,466.641697,506.65625
563.646666,526.0974987,564.09375
613.7854863,557.3231484,571.46875
637.3894873,578.9659958,546.21875
585.9773183,560.2125799,520.625
553.4352954,501.458339,490.0625
544.2156248,487.8426425,486.1875
543.3633881,517.0809028,555.03125
578.908273,590.837671,616.15625
626.8402793,654.5528777,650.25
678.5607642,678.2620888,629.25
684.3023714,652.2580907,577.21875
630.518558,579.8471433,532.25
584.2260257,515.835907,497.40625
563.1195675,526.0982424,525.15625
544.0167008,547.199992,571.84375
528.7415807,530.5044404,549.78125
497.1071048,490.4746816,495.3125
504.8969801,460.4427475,445.5
496.0782235,430.5289561,404.40625
474.6520335,396.4087043,369.28125
446.9625286,364.0608053,344.15625
405.218468,325.0087693,331.90625
388.6246351,314.9886336,332.90625
385.5776698,311.441874,318.65625
345.7111824,300.3526461,290.9375
341.6093455,269.5962027,264.1875
306.0638775,240.5821514,239.5
286.6675338,218.6545717,219.21875
281.5206431,205.1287395,202.09375
265.2252114,200.0901984,190.53125
271.0346198,204.3758986,220.125
317.0041573,246.9964563,302.125
387.8878676,320.1522055,323.375
389.9835123,326.5497948,290.625
347.6615957,282.2812245,258.625
319.187603,245.050431,235.40625
304.7319903,231.3758403,216.6875
333.3142824,248.4970915,239.0625
355.2285598,287.6929102,346.46875
457.0269433,385.1149224,440.53125
531.7991863,462.9931563,494.03125
541.9621256,487.5562457,534.15625
581.0507421,503.1785616,510.90625
570.4825352,472.9164689,458.4375
484.0482673,401.2096675,411.375
429.9511596,361.7969705,371.84375
421.9585275,336.0591122,335.5
367.6177336,290.5147886,301.875
338.8226486,259.0279217,270.34375
316.9893481,240.1247381,241.71875
285.3365953,210.7973395,218.4375
258.4980885,185.7380756,197.03125
240.8134632,168.3306223,177.57812
227.7179161,154.4593042,160.26562
215.5319607,143.7844079,144.15625
192.3754553,126.0365772,129.71875
189.7940724,122.5592389,116.671875
197.1635214,123.8740012,105.453125
190.3937922,119.2168474,96.03125
174.6184955,104.7822798,88.265625
166.2111285,85.88515644,80.84375
148.9211697,75.61598165,73.6875
161.5492154,73.31647561,66.71875
160.3080815,76.50051126,61.109375
150.4155255,85.25375179,57.109375
142.9705801,78.01326706,53.5625
145.4345871,69.7961751,51.015625
141.7238229,74.60934737,49
142.2019354,74.33287986,48.640625
136.4236429,67.02661718,52.234375
145.1143508,67.35482524,61.5
160.5271278,76.06218632,74.25
170.801597,84.7277716,79.859375
155.9106248,87.64934173,81.46875
181.9328169,99.91845595,90.984375
206.8149359,126.7667794,142.64062
265.7200872,186.7632184,234.96875
330.2120295,253.1661534,293.875
346.4499654,263.3095493,287.5
317.5184364,252.693565,259.20312
299.4600057,245.341113,248.79688
335.6887495,247.1795137,235.32812
323.3410233,234.5148198,224.53125
307.7725208,235.6838162,223.89062
311.2448894,242.8207534,228
314.941973,226.9023016,223.73438
288.1342104,205.7313345,228.10938
301.3257841,229.6082153,251.5
341.3750549,263.3041132,285.79688
347.0384363,269.9040076,285.42188
328.5219122,266.2462768,268.98438
343.3379802,251.5889699,252.34375
297.0977173,235.6075688,242.40625
294.1152466,228.1163629,235.1875
300.2270254,227.5068444,221.07812
292.1167773,200.4278754,203.09375
261.0557682,183.3640487,187.15625
246.8663635,164.7689356,184.34375
231.9139661,162.3570859,184.32812
241.2292382,160.896779,169.98438
236.4392908,147.1452503,153.25
218.3506484,131.5199772,137.90625
207.440636,119.9785242,124.046875
182.3947709,105.9718342,111.5625
167.3880491,98.34916094,100.53125
163.3493638,95.67934345,93.96875
159.7001218,82.74335255,90.125
152.5531753,74.71378466,82.65625
137.036289,69.61585788,76.421875
151.9248146,73.21306092,80.203125
158.5408246,79.32306695,90.5
155.6091306,76.28813066,92.359375
152.7893766,72.60568499,85.46875
168.7470142,79.30664348,77.890625
180.714505,82.28233578,71.234375
160.3633971,68.92727214,65.078125
139.2155977,54.9336811,59.484375
147.5453927,48.64709187,54.25
137.8237947,48.76774234,49.484375
121.4556959,42.45079626,45.46875
100.1029034,39.9805017,42.234375
107.876316,37.37192912,40.015625
126.6132623,40.16366315,38.984375
120.3377308,38.51833105,38.164062
97.60799969,31.7550143,37.351562
86.39852125,37.11435301,37.226562
97.10258405,29.79548942,38.546875
105.9702077,27.48995627,38.578125
108.8123665,28.68274231,37.367188
104.3070017,28.03258348,36.171875
98.58135758,30.36262123,35.242188
109.2682389,32.82039898,34.609375
125.0222432,41.3526045,34.164062
119.221473,34.57400641,33.789062
107.1364731,30.20195904,33.445312
94.36814207,26.22709827,33.132812
94.32617102,25.4167963,32.78125
80.03550389,22.18512929,32.453125
78.96376772,28.71160068,32.140625
81.18159416,36.28585575,31.945312
101.3109535,42.56682515,31.945312
89.61885896,35.66706971,31.773438
77.08487236,33.25427055,31.382812
100.0230863,39.64813687,31.132812
104.4091571,47.08592669,31.546875
82.66794333,36.95618533,34.4375
109.3254683,39.63896009,39.625
103.6193019,40.98512179,41.226562
78.10694063,34.73603427,39.390625
73.73632706,32.18325719,37.023438
73.90055418,33.27185384,35.453125
96.7508124,42.37579505,35.601562
140.0781442,51.91322934,40.414062
114.6103497,50.57735112,51.8125
96.4065535,51.42060958,56.765625
98.39784291,55.4969306,54.414062
116.7395131,53.02427877,50.265625
104.0430589,45.49725111,45.765625
80.46040559,43.50575359,42.617188
80.72472746,43.1107649,41.828125
78.24258342,41.61106597,41.429688
97.88698653,40.12485995,39.796875
79.69268338,35.9053228,37.828125
90.56412218,36.41000782,36.921875
85.19680824,36.10765454,38.078125
82.53167377,37.01528766,39.195312
87.25291185,44.16160973,38.859375
99.13821122,52.79611659,43.007812
130.0659538,63.42889178,54.53125
146.5961952,66.12017044,66.296875
173.250844,75.45681573,82.86719
154.9531353,80.72918534,99.96875
164.0856408,94.8015603,95.3125
164.3221131,90.55948184,85.63281
144.8032023,79.59679869,76.53125
137.1856987,70.95958041,70.53906
144.6554073,71.37870185,66.41406
147.7449021,66.38642088,60.453125
121.5811638,60.29370597,54.328125
112.9760401,70.27864861,51.140625
118.0250639,60.60680533,55.226562
131.8741982,58.88845965,61.21875
137.3288677,66.49284137,58.835938
125.6622253,62.2055342,54.664062
146.7947305,66.55658743,60.875
148.0684564,67.77829381,75.703125
145.3613729,71.57556206,76.30469
145.579584,74.06779367,69.57031
148.4682679,70.69049681,62.242188
129.3356402,57.44326138,55.5
96.37637913,42.65577745,49.617188
84.0315229,40.02061524,44.757812
112.046146,44.51991124,41.148438
134.605212,41.15168491,38.4375
137.3538072,36.4822622,36.148438
135.7161216,38.20819543,34.390625
130.4947959,36.48682625,33.226562
121.6790444,30.51769899,32.515625
112.1815825,29.86475127,32.054688
115.8483884,30.25931057,31.679688
106.7994015,27.78875483,31.351562
94.82094338,25.01548502,31.03125
90.86697087,23.18572098,30.726562
88.68525753,23.59701361,30.414062
76.32088172,26.07817266,30.09375
62.55415258,21.49750306,29.84375
70.86192833,23.73482018,29.59375
80.70584693,24.27343448,29.359375
85.44236587,29.92559777,29.375
93.39068803,36.05228844,30.484375
102.8771768,28.37725263,31.296875
114.7215576,26.33525408,30.359375
101.6678064,27.98444193,29.90625
105.7806163,43.04938498,34.90625
115.4438102,48.90999786,49.5625
147.0727688,70.75797023,60.78125
149.8337493,77.855168,58.921875
117.5065994,64.49703657,53.078125
86.44218881,52.3897842,47.265625
87.54243811,43.71267372,42.203125
81.71185089,34.9454644,38.515625
87.06644987,39.62755442,37.546875
88.8768751,36.95257084,38.09375
87.62324265,35.04103478,36.359375
79.62887113,31.01854819,33.75
84.3150377,29.73521398,31.65625
95.8207077,24.83884758,30.28125
96.61112225,22.51532388,29.40625
94.11489628,25.29814343,28.859375
86.52670067,30.08306601,28.46875
73.42592844,27.08165838,28.140625
82.14188395,27.43708468,27.84375
90.56522713,27.45941129,27.671875
100.133915,33.56323306,27.796875
120.5389828,35.17396301,29.15625
120.9418411,29.42758173,30.625
111.548722,32.3119069,29.6875
100.4181675,27.34804605,28.328125
92.48726729,26.12272296,27.53125
79.60427701,25.92367149,28.390625
80.33877275,37.17755235,37.96875
93.85735961,43.89448721,59.46875
117.6696879,59.21275884,70.75
136.9516022,73.5328846,67.6875
131.3681766,73.5115828,61.21875
124.0682426,69.35846992,55.8125
130.2026351,70.74445519,58.75
127.9150792,66.12505321,67.9375
120.1006174,71.64803778,70.28125
120.6232909,71.17938919,68.25
117.6710632,68.76529519,62.75
109.0555709,59.53547766,57.84375
124.3484843,57.60832824,57.5
140.810079,67.21698768,63.5625
133.0325163,69.44147259,69.46875
127.6584889,80.23986799,69.625
113.6072971,77.22078853,82.96875
137.510846,98.35386221,118.8125
153.3026938,129.0536956,147.5
161.5567998,147.4462556,146.53125
164.4719504,145.789053,133.28125
173.9226954,145.766618,125.5625
157.2208821,133.5097837,133.65625
151.4939065,134.4569438,146.46875
158.965374,146.4342959,144.25
159.9983008,144.884408,143.5
165.7891567,149.0183572,151.3125
193.1587483,172.9420649,156.46875
199.9020683,174.3861432,167.9375
190.1553709,162.8049728,174
184.253845,169.6529279,160.15625
180.1137652,164.3017655,156.46875
177.1168464,165.3437656,170.875
196.3133434,190.4805341,191.46875
192.3783746,199.5694994,201.0625
188.3711925,215.4177243,195.5
169.9369554,194.7915734,187.25
168.7873677,187.6690675,188.03125
175.3137659,183.6449563,185.0625
179.2448577,171.7897133,171.03125
178.8751186,159.5278148,158.28125
178.6349326,145.9293032,147.6875
180.4124335,134.3546845,136.15625
180.4033875,133.6123529,124
187.9636685,127.7308676,117.9375
164.7478912,107.6467706,114.59375
168.1360563,107.5368795,111.25
172.4977906,111.4889843,112.28125
168.5052416,114.5613227,113.21875
183.4946705,124.87894,120.5
182.4201596,117.9838571,128.75
192.0837241,119.5058561,121.625
182.2002375,105.8746569,110.125
173.7149263,100.3378873,99.15625
170.9836382,90.14780629,89.25
158.2077887,81.26367829,80.34375
155.112185,80.82747379,72.59375
167.5253676,76.05573645,67.40625
154.647056,68.08221197,62.875
175.6871789,71.07095893,59.5625
181.100299,74.30816498,64.375
171.1639636,70.48698754,74.625
156.2805002,72.61473338,72.84375
146.6047803,72.02634404,67.84375
155.4567506,73.72253354,72.0625
157.3631799,87.18475695,110.09375
185.4482446,120.7735614,146.09375
210.0721459,154.4360634,168.375
241.5994871,185.3325799,222.03125
251.6575444,225.9531052,261.4375
260.9905829,269.8949238,266.375
278.4079677,272.0610324,251.25
288.3797488,250.5751597,234.5
285.964441,243.2714026,249.15625
262.8770473,252.8543644,313.59375
272.8079567,308.2498967,334.53125
295.0336013,322.8238026,294.71875
253.9522499,264.965654,266.21875
246.6719377,235.3022075,244.09375
242.6662713,219.877044,222.375
247.2817344,205.1777531,200.84375
225.3346221,176.8561787,181.09375
216.9557547,154.2579463,163.28125
211.2628783,141.9130186,147.25
205.6659623,132.1531526,132.875
201.0522349,118.3220476,119.90625
199.9399747,113.0047592,108.96875
211.8441838,118.308962,114.65625
191.0563627,118.2202841,128.78125
201.1782357,136.5022448,123.21875
171.9812438,128.2457055,117.25
162.5004813,120.9653928,112.25
170.2017924,116.9069206,105.21875
176.5761034,101.5052369,96.625
180.1168794,95.89771794,88.84375
185.8326551,92.33199395,83.625
179.6460161,96.61885402,86.46875
168.6343198,92.27368402,108.9375
182.2102927,105.8039519,126.84375
217.5073821,130.760018,140.78125
232.0975859,155.9364684,207.9375
281.8814838,218.7394071,260.03125
323.3068973,271.2010627,252.59375
316.74842,275.2458914,240.4375
304.9171743,272.5280076,255.34375
302.1119087,269.8182692,265.0625
279.4110004,248.918028,248.5
255.341666,216.1391702,224.3125
261.9307573,200.5548894,202.5
239.5183906,181.323449,183.15625
256.6446306,183.2904397,165.5625
246.7607709,175.0681551,151.1875
236.4975441,161.4022763,142.9375
217.3052028,154.4292284,144.28125
232.8307935,173.2009447,179.46875
248.010251,195.9231897,225.8125
319.2275806,272.3139626,288.21875
358.0242472,331.1150391,339.34375
351.2701154,358.484159,340.375
339.7432494,358.3527713,355.4375
334.2609827,347.7757429,343.84375
339.1934329,317.2230744,301.6875
301.6150674,267.6289464,276.375
308.2093202,268.2796697,261.3125
329.8487004,280.0633046,248.5
312.3180738,271.6209367,242.65625
328.5419907,297.6392777,268.09375
350.8292249,317.2614282,289.53125
359.1877601,326.5231277,290.1875
350.5694107,318.3361159,328.46875
396.5106056,373.066281,452.25
520.7792689,499.6870487,548.28125
611.8851805,571.9162135,550.4375
625.1350626,559.2073047,519.25
592.6401882,541.8230832,504.0625
568.5594567,504.8515768,540.8125
594.8022574,549.1478588,577.3125
658.3053995,601.5876991,577.96875
644.1759182,591.6915494,593.4375
631.7068184,591.3024506,619.84375
656.6366267,629.9226071,654.3125
632.2878757,636.7745286,642.15625
623.842943,635.6508982,599.6875
633.1299183,629.0383785,639.125
697.6992212,689.882215,729
779.941189,762.2624581,766.3125
810.3026575,803.2027938,768.1875
828.0075438,822.2869454,855
910.4142771,895.5286809,1035.2188
1014.391257,1022.304068,1027.5938
1004.99433,1002.683033,926.15625
986.3828913,952.1785938,916.875
1014.567197,959.4022257,1038.0938
1120.274031,1043.926942,1060.5625
1103.753158,1036.488415,1012.84375
1074.445824,1007.17288,956.78125
1036.185949,920.3553602,885.6875
906.3231686,805.0941392,801.75
773.0403525,706.9102731,721.40625
723.9602851,651.8183137,649.90625
643.6749894,581.6240291,587.0625
596.6270176,535.0477278,530.5
530.6745166,477.8450658,479.34375
494.8488347,433.3070799,432.59375
474.3589515,406.0610962,391.8125
439.2511668,375.8215625,363.875
419.128248,349.6884078,338.34375
417.3321898,339.3125336,304.90625
371.4389994,307.3074998,278.6875
339.7405838,271.7264541,259.40625
333.9643973,258.0673218,246.5625
312.9204558,229.180497,233.75
280.1439151,203.5455532,216.14062
249.1480004,183.4675652,196.9375
222.9208035,166.0394475,178.09375
203.4367162,156.4164585,160.9375
200.0335846,138.8708267,145.48438
194.3449336,129.005886,131.92188
191.593644,124.7334485,119.3125
183.9956721,119.6731363,107.671875
172.5960482,114.3221776,97.078125
170.810116,109.3280551,87.6875
180.9384584,105.622072,81.03125
175.308708,93.14482695,81.15625
145.7152236,82.0468074,84.09375
133.9271895,67.65882751,82.515625
116.4218619,71.54865591,76.140625
120.2634554,63.36671724,68.984375
113.838032,56.92529814,62.34375
111.899395,52.42137391,56.328125
95.01742876,52.31313843,51.140625
92.30407801,51.61203809,46.984375
91.1512308,50.42633495,43.875
103.5661447,52.13551713,41.9375
115.2815548,43.70195421,41.796875
111.4523093,47.94855023,41.875
105.0811587,50.54199419,41.421875
103.3978696,44.8730865,40.953125
112.5710704,43.39447246,43.25
110.485213,45.62260949,46.96875
99.0886964,40.91893435,46.875
97.62423278,40.46191942,45.875
119.1801452,51.37169334,49.15625
124.8617408,54.90751424,60.875
129.1742546,57.15154351,67.984375
129.6092738,62.88751957,64.828125
133.0564396,58.83879085,59.0625
116.5722164,50.88042819,53.328125
105.6698891,47.35161493,48.71875
102.766094,46.3520901,45.40625
98.76442432,44.26784429,42.59375
93.46483385,47.84957342,40.140625
96.973397,47.75547495,38.40625
88.59109152,48.75999764,37.390625
86.68000048,42.97928867,36.78125
84.20456249,43.34426802,36.28125
84.77764037,43.9998342,35.84375
76.04912414,44.61972029,35.421875
72.60998914,45.38584382,35.046875
82.95352814,44.89345868,34.71875
66.89624573,42.18497744,34.453125
57.47787374,41.26542071,34.15625
67.57328401,38.90241208,33.84375
86.26798059,41.90118798,33.703125
86.25491927,37.58229331,33.671875
74.39273463,33.15449913,33.875
94.085121,36.26073803,34.421875
121.7951665,40.92604159,36.546875
112.2235088,30.64615836,39.5
112.4326723,37.68090491,38.640625
126.8546289,51.78274471,36.46875
130.3782638,58.94482621,34.828125
110.0007263,46.92435258,33.765625
68.73414638,35.37266477,32.9375
44.17829321,21.86822619,32.25
44.02026792,19.77626058,31.734375
60.45688803,23.80152777,31.359375
70.84505775,25.75694679,31.015625
79.66677726,25.7536632,30.671875
76.62642191,28.32181348,30.390625
74.64806654,31.63795397,30.109375
84.50666905,35.11339762,29.828125
81.80216773,35.43508942,29.546875
78.40434634,32.21880004,29.28125
80.21965458,29.13479036,29
69.25082449,31.16795521,28.671875
63.06345502,27.77602554,28.359375
49.51400859,23.30810454,28.078125
37.57065346,26.80438961,27.828125
39.56664958,27.31306097,27.59375
45.37603777,24.66086883,27.304688
43.41886086,20.51938905,26.992188
35.20289525,19.65508498,26.726562
37.3720543,21.97750198,26.46875
42.3013342,23.75382668,26.210938
38.7354718,24.79909373,25.945312
31.77137923,21.69951385,25.6875
24.97025885,20.34423404,25.414062
14.17408902,19.1271902,25.148438
8.660952154,23.36591978,24.898438
6.939759575,24.58432708,24.671875
31.41029351,23.05024291,24.539062
49.60747913,23.60827209,24.351562
48.34129978,22.47477763,24.140625
51.23218397,25.93854778,23.945312
54.69544243,25.70855512,23.757812
72.5574045,22.9902364,23.476562
88.81061501,16.58426608,23.195312
83.35414271,14.03713955,22.945312
68.44404363,13.20629414,22.71875
80.7925151,15.70795375,22.492188
64.61296287,18.07760812,22.257812
40.64395252,18.99754943,22.046875
63.14664939,29.43816845,21.890625
78.80596096,25.96091645,21.703125
70.74619384,13.94491777,21.484375
55.69510498,13.29375073,21.28125
47.04213837,13.38424855,21.070312
32.07478046,11.6465317,20.84375
24.05323849,8.688835491,20.625
35.30824117,12.97685538,20.421875
37.5156892,12.52294033,20.25
37.2637035,14.2127685,20.070312
27.0718074,14.74575301,19.867188
18.57940053,15.48337729,19.71875
26.05820352,13.67522908,19.539062
35.07909351,14.82938097,19.304688
70.96225289,27.74773823,19.109375
108.7279931,29.06687204,19.351562
123.6689757,30.07158951,20.851562
97.67406676,33.25719003,23.710938
84.65727803,28.19247983,26.796875
69.29352159,27.50177364,27.460938
75.29428545,26.09358349,26.4375
84.38436762,27.2104077,24.757812
80.39734138,20.10814124,22.757812
66.74534986,14.71280648,21.171875
64.15469402,12.80904777,20.234375
77.83988731,13.58068461,19.710938
97.35988979,13.54647506,19.367188
93.29595759,19.93319816,19.101562
63.83347395,14.65541124,19.21875
79.85565973,23.02178959,20.109375
93.75679824,33.39698424,21.960938
88.32592716,30.01482232,22.851562
72.32670798,26.73111706,22.484375
65.80777262,24.28957906,21.96875
80.66155138,26.50841757,22.539062
86.84869124,24.92268471,23.3125
80.54542751,27.01221059,22.9375
86.56629394,34.40096687,22.65625
74.83401841,29.90478291,23.125
91.5452088,37.0430349,24
126.5712913,39.91424122,25.632812
111.872231,29.68319012,29.835938
109.4719831,45.23463508,40.101562
135.445932,52.32713157,55.882812
164.6482006,66.34587573,74.234375
136.8255417,77.0378108,99.78906
134.5354582,102.6945788,120.61719
150.5548955,132.2121088,133.47656
156.5809044,139.2847068,138.9375
152.4205337,139.4071347,140.32031
150.9784186,137.9342201,134.10156
152.2016932,132.1613156,121.35156
146.6599558,118.6254434,108.828125
147.2314717,107.3355128,97.6875
151.7748334,99.80668787,87.1875
140.304841,89.56774377,77.578125
128.0602078,77.32491151,68.953125
121.7908831,67.57058349,60.976562
112.2800347,56.77798279,54.335938
100.5574316,49.74577501,49.875
115.5479941,52.89921255,47.890625
123.1026819,56.42604703,49.742188
141.1002713,50.53627476,51.398438
145.7085562,48.80539014,47.59375
124.8312427,38.81409945,42.445312
132.6021116,36.0346144,37.921875
148.4363818,37.87713651,34.289062
145.6186024,35.52651631,31.328125
139.7360613,31.80506823,28.96875
138.2979,28.32656345,27.148438
124.1734314,22.99233582,25.859375
99.32070231,20.60955264,24.992188
87.54993119,24.84348356,24.367188
71.7052277,20.69255752,23.929688
67.12330677,22.59435903,23.859375
82.10323091,23.19920946,23.96875
77.78766708,18.46923576,23.695312
64.09223011,18.63886334,23.265625
59.51741074,18.55318909,22.984375
63.25541942,18.58160699,22.78125
71.58141845,18.05926674,22.570312
90.50271206,16.79299346,22.34375
116.0600207,18.87332486,22.117188
118.4798174,20.99394687,22
98.30332231,18.59255559,23.296875
84.60406602,23.92204765,26.953125
90.71098115,26.73293869,30.375
97.39452381,34.7325216,31.21875
118.0018138,43.07314588,36.21875
140.297476,49.77287594,49.046875
148.2895092,58.26711714,59.28125
129.9316178,61.37325865,61.6875
121.5286921,63.7040401,57.734375
121.1058852,56.14935374,51.4375
113.8728638,46.66000346,45.234375
95.04810522,39.11734031,39.640625
90.39121563,33.28147108,34.96875
105.9914772,33.28884172,32.84375
120.106602,37.68974303,33.25
130.6241384,47.3380866,37.375
148.1379686,37.44044949,42.96875
136.492219,42.96178506,41.515625
136.40201,45.10116678,37.078125
152.9637874,42.39456693,32.734375
155.5022487,37.56729306,29.515625
147.3916524,29.71446553,27.296875
143.4601243,22.14082025,25.78125
122.4187344,21.24880989,24.796875
98.99202222,26.96449623,24.203125
81.85751801,24.57444534,24.015625
90.6457795,39.73665092,25.90625
98.42859771,45.38309477,34.328125
111.5727542,53.18718535,47.953125
112.59946,57.32117441,56.640625
112.847434,63.55313903,60.6875
116.8853164,66.00492732,73.578125
126.2709544,76.11818103,92.703125
137.6172997,95.14527548,99.90625
152.4912373,101.424483,97.734375
168.1403582,101.8786117,91.078125
147.8022968,95.4362585,91
145.5341436,94.49564122,91.03125
149.75783,86.00670776,83.140625
144.0496184,75.39843497,73.984375
144.2586576,67.55490373,65.5
133.4144721,64.40058968,57.9375
146.1916479,63.55362155,51.171875
137.0244894,49.05204088,45.140625
121.5831429,35.33022716,39.859375
116.1769398,31.82783089,35.484375
103.3467506,35.29357097,32.234375
101.5516219,38.76516993,29.921875
115.6444893,31.3424711,28.375
117.1885342,25.31238336,27.3125
94.89883296,16.45970757,26.5625
85.24733403,19.14661393,26.15625
86.74758538,19.00968054,25.875
82.43195595,15.5618945,25.625
100.8583223,19.74292173,25.40625
117.7423032,19.64870042,25.21875
121.0265622,19.22634851,25.03125
111.5826273,16.09165546,24.8125
92.66437747,15.3532291,24.625
104.6026784,15.35877644,24.6875
121.5282827,18.74672365,25.21875
105.6826348,18.59875977,25.3125
106.2051666,21.34429451,26.0625
105.0772783,19.33881492,27.09375
133.0416171,24.44193876,26.875
128.6671621,25.43513768,26.03125
104.8886418,23.08367638,25.25
106.3651991,20.07924911,24.96875
103.5393509,27.26790088,26.53125
100.813574,33.64715873,30.125
113.801556,38.53089876,33.5
139.1286818,46.98118396,36.15625
151.2369882,55.65943877,37.59375
161.0013248,72.38707587,49.125
171.2241459,86.71002151,93
198.4929735,123.6329792,165.8125
228.5497872,195.081795,200.25
225.7639163,215.3247436,194.375
209.7142221,201.5567649,180
199.1520724,185.2287978,169.46875
212.5086951,193.6994618,169.53125
199.4020451,177.956294,167.53125
212.0482799,174.4949187,154.0625
211.0018225,154.0581113,140.4375
213.69636,140.3575618,127.15625
195.4616209,127.2186946,118.53125
217.9027663,139.1554086,132.71875
213.2023508,147.4505939,159.875
227.8559043,166.5237936,177.1875
211.1781629,166.7561302,176.6875
204.9608403,156.5264824,160.5625
199.2599471,141.2010371,144.0625
193.7515652,131.5117434,130.53125
190.9767536,129.0101092,131.15625
194.8960493,128.5006897,135.625
198.7393606,129.7950356,127.0625
224.8554856,127.4905184,126.6875
211.0849,115.3699325,129.3125
205.0910064,116.3565089,119.25
184.1066188,100.7965136,110.28125
217.7159084,137.3195577,134.375
238.1928788,162.7283359,180.15625
263.3595566,190.1784132,188.1875
251.3941914,188.4622455,176.65625
231.5419657,172.0435288,162.78125
220.8894248,163.3316923,154.40625
199.8685991,154.9925399,148.90625
203.2762471,151.3893208,141.21875
203.7543401,136.6079481,131.5625
188.1382069,121.6252441,120.53125
210.0445387,125.1738363,124.3125
227.221423,143.0598897,146.875
229.5911384,147.8559922,150.71875
191.7685752,130.1848427,138.28125
191.5301308,124.7375654,124.5
190.6372692,112.5232286,112.71875
191.5128669,111.9967747,112.6875
213.8322217,129.9227668,211.875
301.5329245,235.3134516,398.34375
413.554027,397.66351,429.90625
417.5627317,411.8412341,376.78125
375.7077034,349.9912015,331.78125
335.7818374,312.3484137,295.15625
316.2968493,294.0594764,264.8125
300.4007581,261.4953543,239.4375
298.8181051,230.4729482,212.90625
279.5230711,209.2132678,190.9375
253.7892996,185.595497,172.5
244.4781164,170.7308737,164.875
258.4224651,166.9445883,180.34375
253.7859245,167.870907,194.75
254.479707,182.6346168,189.71875
269.5920244,193.9586426,202.71875
291.0285444,220.3330761,236.53125
293.4532276,244.4722189,263.71875
296.8790454,264.4282394,264.8125
304.5470747,265.6804244,250.59375
313.7769903,241.6313406,237.78125
297.085628,219.426625,225.28125
286.9253417,202.2514729,212.75
264.5201164,181.6953187,195.40625
240.5025487,164.9474422,176.65625
228.3594607,155.0634485,159.5
231.0671809,144.0100158,143.5625
232.7105708,141.4239801,130.34375
197.8871347,120.9032846,119.96875
185.9621857,113.9167084,112
185.9114035,102.6989171,103.90625
183.3166461,97.92003491,96.125
161.7009754,95.14008726,92.71875
175.945307,96.12854948,101.5625
214.8186559,126.4912636,133.25
235.8748326,150.5779929,157.6875
238.8433336,153.9412524,149.59375
217.7490186,139.4285073,135.09375
212.1886029,125.4056418,121.46875
235.6080291,147.7486421,110.65625
209.5577385,135.310105,104.75
205.0708284,116.2058911,108.1875
207.5746808,127.154559,121.40625
218.324296,134.0902535,130
204.6951909,131.446563,129.1875
200.7323333,122.4618048,128.21875
226.3496979,139.7373127,146.25
250.1682503,165.9144875,186.9375
277.3576136,205.2241107,225.15625
331.3103583,237.6529495,245.625
323.4154278,254.468928,247
306.9148694,224.7995496,231.71875
297.087072,216.1765856,212.9375
260.8983865,190.6934459,202.15625
232.3108717,168.9289852,190
247.919739,168.4770434,171.9375
242.2449186,159.2371328,156.28125
218.9956399,138.1920021,143.01562
190.1060094,129.9382871,130.96875
178.3547879,112.0121888,119.71875
180.9076688,107.7169975,108.53125
170.9055338,96.87360804,98.359375
150.0139783,78.05076214,89.359375
141.6023137,68.93331031,80.609375
134.9603182,60.06232108,72.578125
119.3277272,53.92540448,65.515625
105.4518614,53.32315479,59.390625
96.2168214,56.86479694,54.140625
101.6401394,46.85454402,49.71875
100.1241505,46.65352925,45.84375
100.6442524,46.1492692,42.34375
118.270711,43.20284696,39.46875
125.72106,43.1563876,37.5625
106.091363,45.63173093,37.28125
99.99030367,40.33331397,39.21875
114.0306632,39.98794096,41.765625
120.4971781,49.25770823,48.484375
119.0602536,51.74001715,62.34375
138.7406385,66.13351284,79.1875
155.6998913,90.46807708,90.296875
146.6935113,98.42191997,93.421875
154.4632702,78.5476759,92.71875
159.9453697,78.2389635,87.859375
190.193386,100.0986714,101.28125
227.4214394,136.3190457,154.48438
260.8660391,166.8819755,199.82812
285.1034038,212.4199068,200.40625
269.0106366,197.7798466,205.32812
264.0072195,183.8304042,201.48438
243.2683497,176.894391,182.98438
233.008374,155.252792,164.57812
198.7831772,139.353951,148.45312
176.3461405,126.4575845,134.25
144.369419,118.5281687,123.390625
173.9733929,118.151704,115.828125
193.0431761,112.3901675,114.8125
186.2588198,123.0178475,119.328125
199.1630034,123.3248113,120.515625
196.3479253,120.4633218,117.421875
194.0242104,121.110477,114.71875
198.710431,117.2240927,120.3125
196.7881897,120.8611414,124.53125
188.4828896,118.246119,125.984375
184.7223043,118.4056435,128.01562
198.4834182,127.2853269,123.828125
201.2933671,121.8554913,118.3125
197.767527,120.6333467,117.1875
186.843054,108.1743843,119.015625
194.1508675,114.2436637,118.734375
203.1012473,128.4534025,129.90625
199.9397922,125.8424528,145.28125
203.4759581,138.3478435,148.26562
214.9960496,141.4503196,147.71875
214.3741034,146.1280138,150.29688
243.5410601,156.7373579,149.76562
249.9548062,169.8194645,142.14062
237.0769218,148.0053793,141.21875
218.1077815,141.0076564,140.64062
